species,weight,length
Aburria aburri,99.15564105070834,200.80136758764047
Accipiter bicolor,100.16394698133622,200.31515728921383
Accipiter collaris,100.49140040578882,200.63111377557382
Accipiter cooperii,100.06824525276689,199.55850131252913
Accipiter poliogaster,100.4751094667856,200.67405083898026
Accipiter striatus,100.38905647814127,200.31508530757776
Accipiter superciliosus,100.35894417323512,200.2114267891128
Acropternis orthonyx,100.37649815633698,199.79510320005497
Actitis macularius,100.40863943820118,199.71313568303643
Adelomyia melanogenys,99.78120737117827,199.70084278578125
Aegolius harrisii,100.28393400921401,201.26870419797945
Aeronautes montivagus,100.18154526354373,199.97397186960788
Agamia agami,100.84603388375439,199.2493381095661
Aglaeactis cupripennis,99.73333186778915,200.14516742665103
Aglaiocercus coelestis,100.70078533347345,200.17401623191125
Aglaiocercus kingii,99.540399978258975,200.23498964384507
Agriornis montanus,100.14250901473949,200.21797379194592
Akletos melanoceps,100.40530265832176,199.36896158565784
Amaurolimnas concolor,100.206239926543,199.63637823256104
Amazilia tzacatl,100.11402019599404,199.94098557531544
Amazona amazonica,100.08194690720502,200.76704847027588
Amazona autumnalis,99.73042530457961,199.2992125001217
Amazona farinosa,98.8943942241684,200.4520064130741
Amazona festiva,99.43964676488261,200.6121659091638
Amazona mercenarius,99.7281033544696,200.60287242543785
Amazona ochrocephala,99.90553406720672,199.53178482829495
Amazonetta brasiliensis,100.4244162486325,199.2285254069197
Amblycercus holosericeus,100.031896047297,200.34484584991242
Ammodramus aurifrons,100.45562585170066,201.09104967774292
Ammodramus humeralis,99.46832096734761,199.95594273835016
Ammodramus savannarum,99.02049195744739,199.51872929201883
Ammonastes pelzelni,100.31855395289642,200.3175116445805
Ampelioides tschudii,99.95107902161936,200.19126003287437
Ampelion rubrocristatus,99.79256915526413,200.22735637487355
Ampelion rufaxilla,99.08988840482911,199.3785317123922
Anabacerthia ruficaudata,99.80555887812606,199.8997069711531
Anabacerthia striaticollis,100.42052719352385,199.71747971974358
Anabacerthia variegaticeps,99.9633946039179,199.5608030619936
Anabazenops dorsalis,100.60464882504135,200.2247985989107
Anairetes parulus,99.70265726232891,200.14871549200984
Anas acuta,100.10219125548238,201.44521227503276
Anas andium,100.06916760899432,199.7921340040326
Anas bahamensis,99.76877982812091,199.56102633714582
Anas georgica,100.02688052753768,199.72094134106933
Ancistrops strigilatus,100.08327856042933,199.8173667680889
Andigena hypoglauca,100.13879949910667,200.23469189809381
Andigena laminirostris,99.33763351787162,200.52048399147412
Andigena nigrirostris,100.29303414526657,200.36271473640133
Androdon aequatorialis,100.53959674169114,200.00036257753993
Anhima cornuta,99.43986821578443,199.71005167130227
Anhinga anhinga,99.19180554983326,200.74011947840006
Anisognathus igniventris,100.67120845282754,200.4663213412092
Anisognathus lacrymosus,99.85059191211862,200.21781662344895
Anisognathus melanogenys,100.73159437784435,200.34782938348687
Anisognathus notabilis,99.91245351576772,199.58194467990015
Anisognathus somptuosus,99.12788538256635,199.28601694762148
Anous minutus,99.5426785944837,199.91632874011876
Anous stolidus,99.52037664765164,200.44323289807943
Anthocephala floriceps,100.88160843353782,199.98943954033484
Anthracothorax nigricollis,99.63433592253541,200.5152216803863
Anthracothorax prevostii,100.10953664421672,200.33794189239887
Anthus bogotensis,100.91641199775663,200.20480713407377
Anthus lutescens,100.585523105478,199.81277070636588
Antrostomus carolinensis,100.74513741004644,199.89506668840747
Antrostomus rufus,100.10299093286068,199.79482622839865
Anurolimnas castaneiceps,100.18843765867268,200.8525379865782
Anurolimnas fasciatus,100.9037645923525,200.17870535891666
Anurolimnas viridis,99.48913641982075,199.99513418439798
Aphanotriccus audax,100.21445357120669,200.1251321747209
Aprositornis disjuncta,100.27693193070071,199.91616512334815
Ara ambiguus,100.26061154649422,199.2131678085077
Ara ararauna,100.65000578251971,199.33530804313472
Ara chloropterus,99.75762497927668,199.84035932931457
Ara macao,100.32638944291602,199.11962134992652
Ara militaris,99.24118331819629,200.2008029295041
Ara severus,100.42609941246882,200.38259610981308
Aramides axillaris,100.1496613326531,201.29568051189096
Aramides cajaneus,100.24841651588149,199.8174899757567
Aramides wolfi,99.62689525344484,200.16302534520236
Aramus guarauna,100.27104090824479,199.5615090777685
Aratinga weddellii,100.00368320917387,199.50979556934888
Ardea alba,99.9494183601156,199.70070403566376
Ardea cocoi,99.73824202207665,200.2784707711198
Ardea herodias,100.28828206626044,199.9851824376522
Ardenna creatopus,99.69414421750729,200.36978356464536
Arenaria interpres,99.18616876466281,200.24407725071694
Arremon assimilis,100.33849994916467,199.77098212274308
Arremon aurantiirostris,99.8545255467438,199.78739866268373
Arremon brunneinucha,99.64054263309114,199.80824539925186
Arremon castaneiceps,98.82893320098039,200.72333531716802
Arremon crassirostris,99.20515787884314,199.70645590382685
Arremon schlegeli,100.00267397802752,200.69993879217054
Arremon taciturnus,100.12167447217399,199.86887844986308
Arremonops conirostris,99.4041989538581,199.76918896886377
Arremonops tocuyensis,100.45557988309743,200.0003987221126
Arundinicola leucocephala,99.69279457264106,200.29302366564238
Asemospiza fuliginosa,99.89861160255042,200.68310029843514
Asemospiza obscura,100.42046155432986,200.12823504821446
Asio clamator,99.70625945858335,200.73038790055062
Asio flammeus,100.41933405224256,199.64029543201588
Asio stygius,100.34818114984745,200.48503472126643
Asthenes flammulata,100.16001068857481,199.62034101254926
Asthenes fuliginosa,100.85508503418609,200.2680571828366
Asthenes perijana,99.50388893467895,199.8263919833768
Asthenes wyatti,99.96196901827064,199.97829254411872
Atalotriccus pilaris,99.6316059771464,200.69564130716634
Athene cunicularia,100.8056281815055,199.91644595346202
Atlapetes albinucha,99.3531266952503,200.12689967401082
Atlapetes albofrenatus,99.2314789962395,201.38705086314567
Atlapetes blancae,99.99815234835529,199.64674570486062
Atlapetes flaviceps,99.74837335675961,198.97790938830803
Atlapetes fuscoolivaceus,99.12485955270496,199.85837768622687
Atlapetes latinuchus,99.72695544655446,199.9923240918992
Atlapetes leucopis,99.54597330085913,199.95664511888575
Atlapetes melanocephalus,100.21336724816018,200.00524589677198
Atlapetes pallidinucha,100.72458034462647,200.29409008888248
Atlapetes schistaceus,101.03533820725418,199.96286434657551
Atlapetes semirufus,99.44056813986514,201.17062873744487
Atlapetes tricolor,99.20938810533875,199.89611085848628
Atticora fasciata,100.86841217848179,199.54069438871952
Attila bolivianus,100.77748376480768,199.40661722196919
Attila cinnamomeus,100.61334058179952,199.56879161232672
Attila citriniventris,99.93887766485342,199.15503307648814
Attila spadiceus,100.48075399694696,200.51293764413907
Attila torridus,100.46916261979887,200.54993068753652
Aulacorhynchus derbianus,99.79564918197083,199.82654582791628
Aulacorhynchus haematopygus,99.88452019236541,201.39354982464707
Aulacorhynchus prasinus,100.7413008687217,199.8214261403982
Aulacorhynchus sulcatus,99.7435698343756,200.06898608005102
Automolus infuscatus,99.11538484817778,200.0923859990847
Automolus melanopezus,99.91928088645604,199.49071015921598
Automolus ochrolaemus,100.34491475344177,199.45529476022188
Automolus rufipileatus,99.95235681290723,198.748032500235
Automolus subulatus,100.45051023865659,200.5492143451948
Aythya affinis,100.31232895600687,199.48806495557628
Aythya collaris,100.57966728274813,199.90033903188746
Bangsia aureocincta,99.37027387416988,200.41108385899213
Bangsia edwardsi,100.28805305726124,200.75057092276242
Bangsia flavovirens,100.24643971935937,199.11461246355285
Bangsia melanochlamys,100.4996682263826,199.44874677021085
Bangsia rothschildi,100.57601847389887,199.13361974727587
Bartramia longicauda,100.34614350136181,199.71345911983897
Baryphthengus martii,99.88872363011762,200.28614736293318
Basileuterus culicivorus,100.29130133123611,199.08662655624795
Basileuterus ignotus,100.36343922241296,199.97157736183522
Basileuterus rufifrons,99.3837340822135,199.47367594066375
Basileuterus tristriatus,99.90692392640446,199.52024769284637
Berlepschia rikeri,99.98792037374334,200.64500911233958
Boissonneaua flavescens,100.277869442805,200.5854845531138
Boissonneaua jardini,99.45117972689414,199.70637045531473
Boissonneaua matthewsii,100.24796449603826,199.98594030440972
Bolborhynchus ferrugineifrons,100.0954665763327,200.21934282068008
Bolborhynchus lineola,100.01157724460799,199.999233387913
Bombycilla cedrorum,100.06548416855289,200.55252053205822
Botaurus pinnatus,100.78893891438305,199.806471713369
Brachygalba goeringi,100.0850882814909,200.48480371991323
Brachygalba lugubris,100.08924911298654,199.95694216974135
Brachygalba salmoni,99.85069239174693,200.2517131964658
Brotogeris cyanoptera,100.53430211085949,199.73880524519635
Brotogeris jugularis,99.78709085215702,199.57958485256748
Brotogeris sanctithomae,100.11701362704999,199.52502896606927
Brotogeris versicolurus,98.90155726726928,200.16808391412513
Bubo virginianus,100.54780633679528,199.8784192148681
Bubulcus ibis,100.27261357021152,200.09258132710676
Bucco capensis,100.30023003859101,201.00609917769128
Bucco macrodactylus,99.81936788487033,201.0250554286494
Bucco noanamae,99.56517953221206,198.91700621523296
Bucco tamatia,99.86129015450824,200.15359097660436
Burhinus bistriatus,99.9086278685885,198.9289087902364
Busarellus nigricollis,100.13473092996703,200.12359895837017
Buteo albigula,100.26135775351088,200.03257466959425
Buteo albonotatus,100.99988256353491,200.36191968577705
Buteo brachyurus,100.53718435442482,199.85774529476515
Buteo nitidus,99.70121953537492,200.28588688383553
Buteo platypterus,100.48321987654806,200.4191825733878
Buteo swainsoni,99.45695684298207,199.82869303133418
Buteogallus anthracinus,99.7966262183205,200.79768887836542
Buteogallus meridionalis,100.72459063298184,199.86990939950894
Buteogallus schistaceus,99.57253231676556,199.23673838309898
Buteogallus solitarius,99.32913771873939,200.16089086136944
Buteogallus urubitinga,99.37900581040053,199.51531357348537
Buthraupis montana,100.38389931702872,200.65464690646166
Butorides striata,100.97038893892675,199.5775626467264
Cacicus cela,100.41488969193827,199.29342444965354
Cacicus chrysonotus,100.06524764094407,200.75482079112138
Cacicus haemorrhous,99.97946529040986,199.76399283226183
Cacicus sclateri,99.64799318694152,199.31153094124818
Cacicus solitarius,99.71856198658767,199.37500783934257
Cacicus uropygialis,100.30181695039109,198.7007294707823
Cairina moschata,100.33032132781491,198.8309408110303
Calidris alba,101.01543974963144,200.16365973096674
Calidris alpina,99.87314120864977,200.74603186660298
Calidris bairdii,99.3399615050568,200.65781392525918
Calidris canutus,99.9328677146836,200.4422073715961
Calidris fuscicollis,98.72352252937455,200.38459253362203
Calidris himantopus,100.76024676476806,200.16035253297724
Calidris mauri,100.1969053228962,199.83239268188723
Calidris melanotos,99.34788671456224,200.22663220913623
Calidris minutilla,99.62375415209921,200.30486836894093
Calidris pugnax,100.3174719668127,200.24851554945167
Calidris pusilla,99.54598177223791,200.0064558633681
Calidris subruficollis,99.48351838495374,199.19906505810224
Calidris virgata,100.12600506052571,199.3016627011731
Calliphlox amethystina,99.88663271928864,200.1613597259387
Calochaetes coccineus,100.78932996866531,199.43840117196396
Campephilus gayaquilensis,99.88992724416396,199.73625535047563
Campephilus haematogaster,99.6501893172536,199.99550926156707
Campephilus melanoleucos,99.83453626001621,200.12809742478973
Campephilus pollens,99.55293936724131,200.17558352448793
Campephilus rubricollis,100.55950550829522,199.95811609842536
Camptostoma obsoletum,99.94700412360109,200.39845844359266
Campylopterus falcatus,99.92024713670041,200.63374542762918
Campylopterus largipennis,100.2331776972514,200.20084483095604
Campylopterus phainopeplus,100.23595407954797,199.9403219197115
Campylopterus villaviscensio,99.70185533629636,199.83289951279437
Campylorhamphus procurvoides,99.81513107042697,199.7196658440923
Campylorhamphus pusillus,99.22155236472472,200.56883642711313
Campylorhamphus trochilirostris,99.61110367310387,200.47305260095402
Campylorhynchus albobrunneus,99.89604485723122,200.21062137960948
Campylorhynchus griseus,99.33990862746606,199.976918160808
Campylorhynchus nuchalis,100.23488360644232,200.14809427583384
Campylorhynchus turdinus,99.73332777762248,199.56586130937606
Campylorhynchus zonatus,101.5724540236503,198.78959419980168
Cantorchilus leucopogon,100.34522857271011,200.23699069341728
Cantorchilus leucotis,99.31239184733278,199.67798883672043
Cantorchilus nigricapillus,99.69536930964296,200.36366081086456
Capito auratus,99.72432808398456,199.43955270629974
Capito aurovirens,100.45510496024035,199.7863267407107
Capito hypoleucus,99.54019915665233,199.76081140738984
Capito maculicoronatus,99.44683873959059,200.37489354470833
Capito quinticolor,100.58963141925233,199.60567820339045
Capito squamatus,100.3997065271344,199.6067415307907
Capsiempis flaveola,99.6962027161552,200.6715660038914
Caracara plancus,99.55867740283817,200.34395435529248
Cardinalis phoeniceus,100.13497590026944,200.37428876308869
Carpodectes hopkei,99.82776217752416,200.1484850291983
Caryothraustes canadensis,99.82979560602689,200.7452659137378
Catamblyrhynchus diadema,99.72375765722504,199.52181947966147
Catamenia analis,99.51310586014316,199.86976195679546
Catamenia homochroa,100.15303356929851,200.64190268348995
Catamenia inornata,100.63517961744834,200.04830359950327
Cathartes aura,100.63639417895203,199.8549369125219
Cathartes burrovianus,99.6850774288211,200.44167575451587
Cathartes melambrotus,100.04404266018751,200.20318510429408
Catharus aurantiirostris,100.28415443899942,199.71605543578752
Catharus fuscater,100.27979585695755,200.19511563610877
Catharus fuscescens,99.95505207670297,199.57108578726752
Catharus minimus,99.47189187467154,199.10237907956898
Catharus ustulatus,100.173275806555,200.3506560151611
Celeus elegans,100.19383218993619,200.3059230110887
Celeus flavus,99.97126791906436,199.7177735109928
Celeus grammicus,99.5651012115477,200.08218374673268
Celeus loricatus,100.26911597821658,199.80679491886897
Celeus torquatus,99.41246935138847,200.46566839494213
Cephalopterus ornatus,99.1756476483599,199.73965940274277
Cephalopterus penduliger,101.58066093479816,199.8336857387124
Ceratopipra erythrocephala,99.70068261045829,199.35921563959172
Ceratopipra mentalis,100.21756537007117,200.10780486667733
Cercibis oxycerca,99.28530590934004,199.88194915806022
Cercomacra cinerascens,98.98487108511377,200.36513991315243
Cercomacra nigricans,100.51340012639747,200.23459392127702
Cercomacroides nigrescens,99.2173463176452,200.61207941829295
Cercomacroides parkeri,100.32371347287945,199.65539560728035
Cercomacroides serva,100.64280762937352,201.1437193490627
Cercomacroides tyrannina,100.19554749983486,200.02246152535744
Certhiasomus stictolaemus,100.0415901477757,200.118762265406
Certhiaxis cinnamomeus,99.63493675336026,200.25718882301098
Certhiaxis mustelinus,99.72345378229234,200.00099837115062
Chaetocercus astreans,100.37165697195226,200.45729297397466
Chaetocercus bombus,99.54264708143619,199.3578830466536
Chaetocercus heliodor,99.90730563522621,200.38303734987227
Chaetocercus jourdanii,99.22161537197057,200.13074563498944
Chaetocercus mulsant,100.21089676928403,200.18571629747342
Chaetura brachyura,100.22105224644629,198.86697454598274
Chaetura chapmani,100.09131334659969,199.60705468440366
Chaetura cinereiventris,100.06139247799187,199.2598614317741
Chaetura meridionalis,99.3768269370005,199.76179172515845
Chaetura pelagica,99.62298097551295,199.6051128791763
Chaetura spinicaudus,99.04010349982781,200.48369138142158
Chalcostigma herrani,100.03860173480021,199.23663585497727
Chalcostigma heteropogon,100.28451676635858,199.53474198800578
Chalcothraupis ruficervix,99.74658011642002,200.4859999168999
Chalybura buffonii,99.61951864039676,200.60634162793244
Chalybura urochrysia,100.37030362488089,201.02562177707125
Chamaepetes goudotii,99.9453889691514,200.15222834113567
Chamaeza campanisona,100.8161353928575,199.55871863886233
Chamaeza mollissima,99.85143559248708,199.91972927599642
Chamaeza nobilis,99.96425702721137,200.18921047319967
Chamaeza turdina,100.02378083545628,200.09243096136592
Charadrius collaris,100.57285133976173,199.66541038886768
Charadrius semipalmatus,100.381847910472,200.1195387740878
Charadrius vociferus,101.0693068427127,200.37761907675446
Charadrius wilsonia,100.16381030333581,199.59700101887523
Chauna chavaria,98.88542349039241,200.2487578901885
Chelidoptera tenebrosa,100.09941904915912,199.43512798737936
Chionomesa fimbriata,100.06863595095737,199.65287953319034
Chiroxiphia lanceolata,99.41878512965148,200.27842098239122
Chiroxiphia pareola,99.1915220434264,200.19296828858702
Chlidonias niger,100.62157930910686,199.8653194599725
Chlorestes cyanus,100.22993308123097,199.2824953309934
Chlorestes eliciae,100.70628479132739,200.76253549944954
Chlorestes julie,100.60297009943912,200.26500964828398
Chlorestes notata,99.96156936835762,199.63440941979
Chloroceryle aenea,99.7793936285108,199.89930809876157
Chloroceryle amazona,99.58630973258856,200.21926258317305
Chloroceryle americana,99.65806089104106,199.90073477629824
Chloroceryle inda,100.83013757491848,200.470174568063
Chlorochrysa calliparaea,99.75095084362034,199.6212328808031
Chlorochrysa nitidissima,99.47492743155999,200.81478715727022
Chlorochrysa phoenicotis,100.95277110106662,199.81825335056612
Chlorophanes spiza,100.69356028701378,200.28359346862302
Chlorophonia cyanea,100.28496057313943,200.82981846283295
Chlorophonia cyanocephala,99.65280287657993,199.5728219182952
Chlorophonia flavirostris,99.73083778153769,200.2352092734436
Chlorophonia pyrrhophrys,100.051267339758,200.50714306614842
Chloropipo flavicapilla,100.58991111368427,199.79427028793748
Chlorornis riefferii,100.48462109925147,200.39954395056066
Chlorospingus canigularis,99.49302907662776,199.63351254870543
Chlorospingus flavigularis,100.59753807823917,199.39160899354394
Chlorospingus parvirostris,99.53896415260697,199.95140494635334
Chlorospingus semifuscus,100.57040508183479,200.15381975916796
Chlorospingus tacarcunae,99.71509168365176,199.73063341674262
Chlorostilbon gibsoni,100.61155087797678,200.57342399860335
Chlorostilbon mellisugus,99.86015965046087,201.54897136877707
Chlorostilbon olivaresi,99.82590256707736,200.85495615343672
Chlorostilbon poortmani,100.84343153971214,200.97482251077676
Chlorostilbon russatus,100.19016116350656,199.88283474664877
Chlorostilbon stenurus,99.49472222582989,200.19884115725628
Chondrohierax uncinatus,99.67641626490119,200.33456135831722
Chordeiles acutipennis,100.5757015194769,200.57179487834551
Chordeiles minor,98.98011763521457,199.88229025053232
Chordeiles nacunda,100.11231879991622,200.70441141641953
Chordeiles pusillus,100.07410700287463,199.76341083194484
Chordeiles rupestris,100.62654573233428,200.54672266074806
Chroicocephalus ridibundus,100.12079752239697,200.1542875809976
Chrysolampis mosquitus,100.1749379731672,200.01015101113313
Chrysomus icterocephalus,100.00202722954415,199.59301784810455
Chrysothlypis chrysomelas,100.56928158559896,200.7354646995327
Chrysothlypis salmoni,99.477079398859,199.53663630392785
Chrysuronia coeruleogularis,100.94790396467216,199.53288832471154
Chrysuronia goudoti,100.4460676868456,199.67499970921207
Chrysuronia grayi,99.84703416344578,198.87111169444103
Chrysuronia humboldtii,99.93948275875927,200.11476131937704
Chrysuronia lilliae,99.63643381257579,200.54813046796647
Chrysuronia oenone,100.25041819932373,199.99057939079069
Chrysuronia versicolor,99.18928127196286,201.6126456874148
Ciccaba albitarsis,99.88767437036132,199.61734482549622
Ciccaba huhula,100.01095898565355,200.42719860080646
Ciccaba nigrolineata,99.96037795868747,199.5717725041531
Ciccaba virgata,99.72998314531,200.44281115560125
Cichlopsis leucogenys,99.737342981444,200.7163039595574
Ciconia maguari,99.69223236091221,202.05428722819343
Cinclodes albidiventris,99.70963014326313,199.97050985384462
Cinclodes excelsior,100.77244706440851,200.41229683204006
Cinclus leucocephalus,100.36671940037262,200.4953049210655
Cinnycerthia olivascens,99.79428433840545,200.29445059710412
Cinnycerthia unirufa,100.14385551990338,200.37145050980996
Circus buffoni,99.5835929428248,200.29834654314965
Circus cinereus,101.06636446939815,200.4229448095162
Cissopis leverianus,99.87509409348755,200.13810414048092
Cistothorus apolinari,99.95074986122637,199.77282241302024
Cistothorus platensis,99.82891261510454,200.71839367574879
Claravis pretiosa,99.62728792063724,200.28378464843408
Clibanornis rubiginosus,99.50794860147478,200.69478190959975
Clibanornis rufipectus,99.54124273750742,200.61366077020116
Clytoctantes alixii,99.65183614785508,198.8434945858314
Cnemarchus erythropygius,100.4065283375239,200.39749684898877
Cnemathraupis eximia,99.6316150641708,200.40310155844128
Cnemoscopus rubrirostris,100.65369029392004,200.48006457345735
Cnemotriccus fuscatus,100.14643416339395,199.6914650758566
Cnipodectes subbrunneus,99.64055464810593,199.83491097469667
Coccycua cinerea,100.51242847564676,200.94826388722865
Coccycua minuta,100.22114965323739,200.97873526432966
Coccycua pumila,100.68646835798668,199.7132744858689
Coccyzus americanus,100.76941943203039,200.0785320211793
Coccyzus erythropthalmus,100.72768836942812,200.26615207983616
Coccyzus euleri,99.6783618248207,199.82120954014573
Coccyzus lansbergi,99.87895721905892,199.8865240083057
Coccyzus melacoryphus,100.22536245548716,199.87940210454482
Coccyzus minor,100.51461696522585,201.69577147123792
Cochlearius cochlearius,100.58504176074035,199.69978600061955
Coeligena bonapartei,100.37702275765217,199.96978736068496
Coeligena coeligena,100.59886436850361,200.20913779054578
Coeligena helianthea,100.67299950291589,199.02380755386233
Coeligena lutetiae,100.16022721886588,199.62881652161252
Coeligena orina,99.26471698165817,200.81458220596608
Coeligena phalerata,100.3500991609119,200.66460665200373
Coeligena prunellei,99.85349249281751,200.4118412939062
Coeligena torquata,99.53812668072347,199.66283982136616
Coeligena wilsoni,100.56472183104728,199.68421024517178
Coereba flaveola,99.95208480783967,200.1317574241954
Colaptes punctigula,101.12734899517687,199.58743532714638
Colaptes rivolii,100.7790407997721,200.22855894792198
Colaptes rubiginosus,100.3553793039028,200.79197335271772
Colibri coruscans,100.30965994372787,199.6739561775397
Colibri cyanotus,99.84566338075481,199.6893556804917
Colibri delphinae,100.30400632458904,200.25262445619447
Colinus cristatus,99.6482613622321,199.70894588837484
Colonia colonus,100.15502459241122,199.67336418851815
Columbina minuta,100.75717553953237,199.26754119443217
Columbina passerina,99.79427202423851,199.6595724678172
Columbina picui,100.34438183757425,199.74602969137655
Columbina squammata,100.36474919822399,200.23073240512207
Columbina talpacoti,99.77876663907789,199.9202199700293
Conirostrum albifrons,100.30712751043338,199.93018227358615
Conirostrum bicolor,100.36933129051283,199.03635863821663
Conirostrum binghami,100.00773335610162,200.52009950142445
Conirostrum cinereum,100.48947653077686,199.75505479281898
Conirostrum leucogenys,99.72847668484766,200.29222452737636
Conirostrum rufum,100.15144853627773,199.57738209735268
Conirostrum sitticolor,99.38548151044454,200.4881755256505
Conirostrum speciosum,99.13140841890734,199.90011109194108
Conopias albovittatus,100.00642403994188,199.83648784029154
Conopias cinchoneti,100.89710646388077,199.77361849052105
Conopias parvus,99.86061041622462,200.45913473948966
Conopophaga aurita,100.0260607391805,199.53483782184676
Conopophaga castaneiceps,100.2812062829697,199.96961833932332
Contopus cinereus,99.83041020521146,199.9077319556028
Contopus cooperi,100.21129217905566,199.51349870938876
Contopus fumigatus,99.90790328945488,200.82985322425696
Contopus sordidulus,98.9811388851433,200.2290153804124
Contopus virens,100.00604145393703,199.5503482340596
Coragyps atratus,99.6861777872855,199.83834285714005
Corapipo leucorrhoa,99.98418640800698,199.29763565479786
Coryphospingus pileatus,100.03864996026695,199.237374155167
Corythopis torquatus,100.0507377462486,199.6210905643996
Cotinga cayana,99.61835624324111,200.1241048947562
Cotinga cotinga,100.54853154304567,200.17159409022725
Cotinga maynana,99.95649156721525,201.00688964236792
Cotinga nattererii,100.21061941189618,200.21462818024324
Coturnicops notatus,99.6437621733861,200.43850966019394
Cranioleuca curtata,100.1419264892039,199.8398782003015
Cranioleuca erythrops,100.06083524018918,199.4877382025604
Cranioleuca hellmayri,100.54714286969009,200.2802380401041
Cranioleuca subcristata,99.60816936407316,200.9433727753699
Cranioleuca vulpina,100.85948017628348,199.83084382188207
Crax alberti,99.67436041811435,199.91357699646463
Crax alector,100.35465432294497,200.45753634440797
Crax daubentoni,99.54359230132332,200.75837084767457
Crax globulosa,99.92023372813483,200.82697086335395
Crax rubra,99.77295266149065,199.73522450934686
Creagrus furcatus,100.99569611145769,199.2536355903581
Creurgops verticalis,100.69956711769954,199.7721310018751
Crotophaga ani,100.26270540685891,200.73838325513643
Crotophaga major,99.37782242069798,199.66447505617467
Crotophaga sulcirostris,99.16868659559127,200.3262913020837
Cryptoleucopteryx plumbea,100.01116766485504,200.40779759530136
Cryptopipo holochlora,100.17755904226706,199.5692008874891
Crypturellus berlepschi,100.2912934125288,199.6554693269265
Crypturellus brevirostris,99.90227760170883,200.26141843303503
Crypturellus casiquiare,100.35285583387422,200.31789044522057
Crypturellus cinereus,100.29056365354948,199.83976263263224
Crypturellus duidae,99.72241417256063,199.74154158502122
Crypturellus erythropus,99.88243148127961,199.4876152314107
Crypturellus kerriae,99.00372909537333,200.04402288558498
Crypturellus obsoletus,100.53284515912027,200.33446855227845
Crypturellus soui,100.61750706561841,201.53370163589437
Crypturellus undulatus,100.97108583809515,199.9882958246576
Crypturellus variegatus,99.66602457640946,200.43648310404768
Cyanerpes caeruleus,100.30978762836999,200.73079795623892
Cyanerpes cyaneus,100.09260926047342,199.5830549037401
Cyanerpes lucidus,100.12580459017744,200.40671414426166
Cyanerpes nitidus,99.82747118233553,200.50809984054837
Cyanocorax affinis,100.17289491522865,200.6745312398102
Cyanocorax heilprini,100.1087277061585,200.02759626915412
Cyanocorax violaceus,100.42863081285279,199.57937457844525
Cyanocorax yncas,99.68281700863575,200.65168227684768
Cyanolyca armillata,99.95195075080578,199.55113509031602
Cyanolyca pulchra,99.72536309884643,199.70662429221764
Cyanolyca turcosa,100.05871083996549,199.45953713776646
Cyclarhis gujanensis,99.5288948161439,199.97197146416622
Cyclarhis nigrirostris,99.75730309209997,200.29288026091245
Cymbilaimus lineatus,100.58794526132183,199.68066517606758
Cyphorhinus arada,100.04509712526284,200.1049452309699
Cyphorhinus phaeocephalus,100.69704295878107,199.72278593049802
Cyphorhinus thoracicus,100.61326711848264,200.28632293221102
Cypseloides cherriei,99.31727277345264,200.52386100329758
Cypseloides cryptus,99.7593032984953,200.35948944489687
Cypseloides lemosi,99.54113389085055,199.99419551816382
Dacnis albiventris,99.43813945081746,200.35244521519027
Dacnis berlepschi,100.39013781815177,199.51436506052895
Dacnis cayana,100.40627081807362,199.78170858499593
Dacnis flaviventer,99.92868191717547,200.01807512116156
Dacnis hartlaubi,100.30758827280164,200.1842182532681
Dacnis lineata,100.03456283367261,199.39869591903917
Dacnis venusta,100.1021222557785,199.29942565777912
Dacnis viguieri,99.8689528139419,199.98662779673577
Daptrius ater,99.89975788273767,199.5782331432197
Deconychura longicauda,99.74449283295486,201.12050076464914
Dendrexetastes rufigula,99.99176510335987,200.7760104635587
Dendrocincla fuliginosa,99.84730370877989,200.67535218460694
Dendrocincla homochroa,100.40246913814912,199.23687553178377
Dendrocincla merula,99.31801185439399,199.83915213951306
Dendrocincla tyrannina,99.62812619289338,200.67862646847254
Dendrocolaptes certhia,100.02530554162725,199.69204403463283
Dendrocolaptes picumnus,100.12027880297182,200.21654758354248
Dendrocolaptes sanctithomae,100.10372746225964,200.25251886691387
Dendrocygna autumnalis,100.1818369450838,199.82870434740198
Dendrocygna bicolor,100.38890631042929,200.62875513472434
Dendrocygna viduata,99.72905934440553,199.57570247430033
Dendroma erythroptera,98.96621869977714,200.32881822116784
Dendroma rufa,100.25054816621802,199.8823714918501
Dendroplex kienerii,99.60528409878476,200.25333545100608
Dendroplex picus,99.77094999107258,199.65709394305088
Deroptyus accipitrinus,99.8748149805009,200.21979227881047
Dichrozona cincta,100.0298312734399,199.37673038531943
Diglossa albilatera,99.49540625545053,200.56533557184176
Diglossa brunneiventris,99.05581141538134,199.67782500547207
Diglossa caerulescens,100.66010174442368,199.76877336380804
Diglossa cyanea,99.27018808604817,200.99799907509342
Diglossa glauca,99.323686584139665,199.8329782362718
Diglossa gloriosissima,100.15514157589233,199.1847602706491
Diglossa humeralis,101.33250278181573,200.78385027934712
Diglossa indigotica,100.89878727628815,198.6979316757037
Diglossa lafresnayii,99.59988578674711,199.66066394698285
Diglossa sittoides,99.71551118510892,199.94650109472312
Discosura conversii,100.35149941281554,200.22356642861396
Discosura langsdorffi,101.01775545443057,200.0560991942588
Discosura longicaudus,100.40359158719203,200.98503311194983
Discosura popelairii,99.71099594038576,199.94837766729873
Dolichonyx oryzivorus,100.21377702658998,200.28647093146125
Doliornis remseni,100.34709584208824,199.43860688805964
Donacobius atricapilla,100.2396171157148,200.437979179366
Doryfera johannae,100.8556551546209,199.61545740685722
Doryfera ludovicae,99.55208359139955,199.7931141692378
Dromococcyx pavoninus,99.94349026977773,200.53820463405955
Dromococcyx phasianellus,100.22065667207264,200.6223030230096
Drymophila caudata,99.25743265125442,199.54792099205412
Drymophila devillei,100.12169939394926,200.5899590975831
Drymotoxeres pucheranii,99.58744963161121,200.20854549704924
Dryobates affinis,100.7576809623287,199.51390795018074
Dryobates callonotus,100.53407524992882,199.5034500576534
Dryobates chocoensis,99.99398266065138,200.51402459605842
Dryobates dignus,99.99817732514812,200.92807998287188
Dryobates fumigatus,100.15682930751929,200.19798071869118
Dryobates kirkii,99.98688184520242,199.77220489818976
Dryobates nigriceps,100.15340685711719,199.91580274592647
Dryobates passerinus,99.2137916905119,200.5545968265599
Dryocopus lineatus,100.16319577018457,199.56832617024003
Dubusia taeniata,99.77901479753227,200.36844523237377
Dumetella carolinensis,99.72994531449193,200.64407387370102
Dysithamnus leucostictus,100.8048246775802,199.9488869039922
Dysithamnus mentalis,99.77536948925204,200.3448462407406
Dysithamnus occidentalis,101.22229233601007,199.59986973846208
Dysithamnus puncticeps,100.56453817114648,200.96390373906715
Egretta caerulea,100.44611547145303,199.9037380289056
Egretta rufescens,99.41390600596802,199.83065918793173
Egretta thula,99.3921359340617,199.20782263135237
Egretta tricolor,100.40333702129153,200.75482664406903
Elaenia albiceps,99.94700877282445,200.41162484053615
Elaenia chiriquensis,99.13867417055678,200.27327767312946
Elaenia cristata,100.08622406520772,199.88727052727268
Elaenia flavogaster,99.86202872509224,200.57011279761755
Elaenia frantzii,99.27223444987465,200.8666730235179
Elaenia gigas,99.60253519178939,200.04724755580838
Elaenia martinica,100.20511503560681,200.683256394015
Elaenia pallatangae,99.71877385326864,199.9193956226398
Elaenia parvirostris,101.13684973258312,200.379004653892
Elaenia pelzelni,100.198447933408,199.11666603211992
Elaenia ruficeps,99.91977168122705,200.30699490950806
Elaenia spectabilis,99.728338823108,198.8560878850449
Elaenia strepera,99.49434785399698,200.04091857681743
Elanoides forficatus,99.01978974921121,200.10323335119475
Elanus leucurus,100.14559467044144,199.49380158694467
Electron platyrhynchum,99.98546756155224,199.7873559542085
Emberizoides herbicola,100.39023981777419,200.4490160304048
Empidonax alnorum,100.29107752646445,199.8766367219296
Empidonax traillii,100.68752803101964,199.61740234563922
Empidonax virescens,99.70898201691051,199.85551783766115
Empidonomus aurantioatrocristatus,100.3832087456941,200.25643344392213
Empidonomus varius,100.14460890955588,199.48123831439835
Ensifera ensifera,98.6479641189626,199.6546861423228
Entomodestes coracinus,100.66088000246677,199.53185278133773
Epinecrophylla erythrura,100.60265998314661,199.8200952873719
Epinecrophylla fulviventris,99.8681271608922,199.09152229260417
Epinecrophylla haematonota,100.72943954583678,200.14674869886366
Epinecrophylla ornata,100.49730058277393,199.97286550799524
Epinecrophylla spodionota,99.98871638779539,199.77047961156268
Eremophila alpestris,100.34199046480384,199.7675846901181
Eriocnemis aline,100.16234636135825,199.60236383754332
Eriocnemis cupreoventris,100.09660846452117,200.96755410427366
Eriocnemis derbyi,99.02525500327269,200.01605386053325
Eriocnemis isabellae,100.68733691599513,200.3189662159502
Eriocnemis luciani,99.58623929256964,200.88911749921013
Eriocnemis mirabilis,100.20911283635732,200.51950398314222
Eriocnemis mosquera,99.82167979830328,199.6009945424781
Eriocnemis vestita,100.8068713995296,199.79377386501162
Eubucco bourcierii,100.02507707747804,200.583063296425
Eubucco richardsoni,100.26298739688563,200.246061145055
Euchrepomis callinota,100.22057411751392,200.63062856693068
Euchrepomis spodioptila,99.3660181659551,199.43700772798238
Eucometis penicillata,100.08808830942394,199.9708181661737
Eudocimus albus,99.90641552855327,199.11963020039292
Eudocimus ruber,99.85695544875,200.0990135018859
Euphonia anneae,100.25577331626512,200.37693461615032
Euphonia chlorotica,100.36365235214001,200.42235778840987
Euphonia chrysopasta,100.38225125796303,199.11412060190034
Euphonia concinna,100.25212612935943,199.19791840768582
Euphonia fulvicrissa,100.1045948988457,199.7423960415064
Euphonia laniirostris,100.24966955938619,199.52500179965097
Euphonia mesochrysa,100.0207305499208,199.96851518445393
Euphonia minuta,100.64317143547751,200.02351357398214
Euphonia plumbea,99.35873597981531,200.00212547356327
Euphonia rufiventris,100.13153582122372,199.6635050548138
Euphonia saturata,100.02741441008399,199.1759885561311
Euphonia trinitatis,100.59528195537152,199.6206192047307
Euphonia xanthogaster,100.44017304377245,200.06844953807496
Eupsittula pertinax,100.42548563511427,200.607567620772
Eurypyga helias,101.7914543899822,199.59841342294996
Euscarthmus meloryphus,99.91198237810413,200.97119927539913
Eutoxeres aquila,99.57933299785715,200.03994018328328
Eutoxeres condamini,100.72060234645342,200.93881090361106
Falco columbarius,98.98307801458368,199.44442280275126
Falco deiroleucus,101.1797405293859,199.87483275564756
Falco femoralis,100.29193013614011,200.04266150749157
Falco peregrinus,99.56940922616923,199.17447836979568
Falco rufigularis,100.38203943050638,199.9785091743946
Falco sparverius,100.43709075114396,200.94867545935097
Florisuga mellivora,100.51752582226182,199.5962893458051
Fluvicola pica,99.52332087437058,199.1031362658824
Formicarius analis,100.0743682445309,199.83501151558437
Formicarius colma,99.87897107787529,200.13087619162212
Formicarius nigricapillus,99.40199486085766,200.1568872300794
Formicarius rufipectus,99.53308307880079,199.84418497748476
Formicivora grisea,99.58574613981777,200.00136165671054
Forpus conspicillatus,99.6976820084421,199.72665226460083
Forpus modestus,100.11111696114011,199.80103873081907
Forpus passerinus,99.50064869190433,200.36920307324712
Forpus xanthopterygius,98.86089076854232,199.17831842068568
Fregata magnificens,99.86892432371502,200.24469060582314
Fregata minor,100.02063755766072,199.05271173567135
Fulica americana,99.66579317601115,200.24605526964962
Fulica ardesiaca,101.26362525098511,200.03384227324923
Furnarius leucopus,100.42999647077524,199.97943020044124
Furnarius minor,99.31071094428853,200.89380497413921
Furnarius torridus,99.86058973391572,200.2310696156728
Galbalcyrhynchus leucotis,100.21153050797965,200.58929989828846
Galbula albirostris,100.55307032272411,200.10900455070376
Galbula chalcothorax,99.34365798147091,200.12766109584734
Galbula dea,99.25675409056349,199.4602173149637
Galbula galbula,100.39318028326412,199.32666575464768
Galbula leucogastra,99.80815350442825,200.11816717165522
Galbula pastazae,99.25520554461967,199.30067158345565
Galbula ruficauda,99.48507587782098,199.4149368412263
Galbula tombacea,99.49192505119001,199.27862082074347
Gallinago delicata,100.27362836487451,200.78327143325444
Gallinago imperialis,101.10291355459502,199.65342444182315
Gallinago jamesoni,99.58727573196192,200.62013680088836
Gallinago nobilis,100.79062773219297,199.7963019481691
Gallinago paraguaiae,100.4485849724289,199.6597780292411
Gallinago undulata,99.38276557284583,200.531643411399
Gallinula galeata,99.66243873827023,199.62252295527608
Gampsonyx swainsonii,101.17040350314313,199.50397365674863
Gelochelidon nilotica,99.81849106770991,200.20470358071083
Geospizopsis unicolor,99.72061834188032,200.08816454335715
Geothlypis aequinoctialis,100.25556730536269,200.9745953111871
Geothlypis formosa,100.09600561366922,199.490395568242
Geothlypis philadelphia,100.9845651952337,199.50112566431656
Geothlypis semiflava,100.40069404695959,199.3349878810356
Geothlypis trichas,100.21807582045906,199.08622360816403
Geotrygon montana,99.28546395693346,200.97449700496537
Geotrygon purpurata,100.0649540925613,198.6964285964854
Geotrygon saphirina,99.05876251991342,200.35464781683999
Geotrygon violacea,99.97583382672578,200.6410229184662
Geranoaetus albicaudatus,99.40651780457767,199.8466879973692
Geranoaetus melanoleucus,100.0212288319296,200.0860344783935
Geranoaetus polyosoma,100.05177493377849,199.89351682447563
Geranospiza caerulescens,100.43531538092802,200.4397436567408
Glaucidium brasilianum,99.55023472453797,199.55436468497768
Glaucidium griseiceps,99.41822698817265,199.14919171572623
Glaucidium jardinii,100.42160587689769,199.61973393896167
Glaucidium nubicola,99.66054490949972,200.44662129071023
Glaucis aeneus,99.72411122081506,200.24802363715
Glaucis hirsutus,99.5312928338194,199.79650151729027
Glyphorynchus spirurus,99.60905454181552,199.48931423198582
Goldmania bella,100.78413107679572,199.66397462377023
Goldmania violiceps,99.62534423270806,200.0278443519887
Grallaria alleni,100.27201918430463,199.97541352999633
Grallaria bangsi,100.22457736914096,200.79918639150642
Grallaria dignissima,99.56860130205636,199.35436010310534
Grallaria flavotincta,100.25129616953744,199.59484111418203
Grallaria gigantea,99.74814340226834,200.9811551344086
Grallaria guatimalensis,99.67484207957739,200.4302275437886
Grallaria haplonota,99.05750753613674,200.3736583090419
Grallaria hypoleuca,99.55132096589884,200.41204972214936
Grallaria kaestneri,100.24478674417416,199.9452070472922
Grallaria milleri,100.00827995436694,200.02927206754927
Grallaria nuchalis,99.54261890939479,199.05883762692855
Grallaria quitensis,100.199380966145,200.61643316337745
Grallaria ruficapilla,100.16041291324393,200.9598505774703
Grallaria rufocinerea,100.87879444663791,200.12485122240975
Grallaria rufula,100.2385090277135,198.15062280752778
Grallaria squamigera,100.61541035834806,200.28385601765467
Grallaria urraoensis,100.31925906584738,199.0892497417431
Grallaricula cucullata,99.45955943554296,199.6380327719743
Grallaricula ferrugineipectus,100.58236199037698,200.92666680014904
Grallaricula flavirostris,99.89671501211146,200.27596247937043
Grallaricula lineifrons,99.81213770103953,200.30045710223695
Grallaricula nana,100.51214726918323,200.3019171502052
Granatellus pelzelni,100.3661090486193,199.39114941514202
Graydidascalus brachyurus,100.35824204021442,200.6035596046822
Gymnocichla nudiceps,99.85704858651437,200.0351887335097
Gymnoderus foetidus,100.34112108443632,200.21895607337214
Gymnomystax mexicanus,100.57140890107414,200.19870887726321
Gymnopithys leucaspis,100.05958400960458,200.1007673527784
Habia cristata,100.00969742880339,200.07142280314423
Habia fuscicauda,99.97813907170021,200.3406997326069
Habia gutturalis,100.33136899578349,199.36255634902938
Habia rubica,99.4701554589199,199.89412843985502
Haematopus palliatus,100.20202511240036,199.7812316819633
Hafferia fortis,99.95944733107542,199.16362835511597
Hapalopsittaca amazonina,99.65617403666963,199.79639412497366
Hapalopsittaca fuertesi,99.55307649148091,200.5479455487769
Hapaloptila castanea,99.68475623983853,200.01093052351385
Haplophaedia aureliae,99.56897238397231,199.6804914792202
Haplophaedia lugens,100.8613278687117,199.87004397014505
Harpagus bidentatus,100.00150493933585,199.2827866015393
Harpia harpyja,101.0637516733547,199.3058840329021
Heliangelus amethysticollis,99.70445093360908,199.99378852663605
Heliangelus exortis,100.2291158101128,199.88735849367714
Heliangelus mavors,100.46964385506405,199.44638552938142
Heliangelus strophianus,99.8340443643921,200.17491058008804
Helicolestes hamatus,100.7002095364563,200.02410883168645
Heliodoxa aurescens,99.61880071234627,200.432226428605
Heliodoxa gularis,100.20840059122793,198.99899444478098
Heliodoxa imperatrix,100.96116618303556,200.49665156753196
Heliodoxa jacula,100.40048445256258,199.929810577263
Heliodoxa leadbeateri,100.42111549393675,200.8806394897772
Heliodoxa rubinoides,100.23879350807087,200.13821540424092
Heliodoxa schreibersii,99.8273796496163,199.29643618720777
Heliomaster longirostris,100.3769745250108,200.31148031022667
Heliornis fulica,100.2084826060065,200.30787034082758
Heliothryx auritus,99.99854807164891,200.38159740547403
Heliothryx barroti,100.41393380288574,200.13995005159572
Hellmayrea gularis,99.53003189376682,199.23271298278596
Helmitheros vermivorum,98.90553485879462,200.11279307473788
Hemithraupis flavicollis,99.79640035471367,199.79858040861856
Hemithraupis guira,100.47709423622426,200.16545857096094
Hemitriccus granadensis,99.75891550459082,200.3265003746161
Hemitriccus iohannis,99.99490477717505,200.66660605837887
Hemitriccus margaritaceiventer,99.61709578087152,200.62623470872978
Hemitriccus striaticollis,99.81419302119924,199.45385588068763
Hemitriccus zosterops,100.40310143660236,199.98403725236935
Henicorhina leucophrys,100.35171747331067,200.6189220114841
Henicorhina leucosticta,99.56471597463111,200.35148572695692
Henicorhina negreti,100.15081578332843,199.3574680778267
Herpetotheres cachinnans,100.44136578817303,199.13440473780346
Herpsilochmus axillaris,99.38582056324776,199.7991764775609
Herpsilochmus dorsimaculatus,99.80113009631408,199.95687734877058
Herpsilochmus dugandi,99.65704392259013,199.9010550630861
Herpsilochmus rufimarginatus,99.96800376770196,200.37152512456808
Heterocercus flavivertex,99.75498417243105,199.4060632357244
Heterospingus xanthopygius,99.11460597414782,200.50714797783877
Hirundinea ferruginea,99.99303812858152,199.52350467796293
Hirundo rustica,100.43654011208861,200.5008440834354
Hydrobates leucorhous,99.96286073391494,200.1768689392283
Hydrobates markhami,100.05567534332883,199.51137875052513
Hydrobates melania,100.4195331456854,199.70316543880122
Hydrobates microsoma,100.2282215793269,199.4159509512618
Hydrobates tethys,100.93032637792538,200.1437682561278
Hydrocoloeus minutus,100.55086172628441,200.72837350467483
Hydroprogne caspia,99.47421810508939,200.47342926651282
Hydropsalis cayennensis,99.79435297466844,199.6514777829567
Hydropsalis climacocerca,99.40349631139274,200.68354826712635
Hydropsalis maculicaudus,99.78178378684068,200.68209274109054
Hylexetastes stresemanni,100.11941507701543,200.4181835312197
Hylocharis sapphirina,100.05176130563804,200.17538797724922
Hylocichla mustelina,100.83449730763114,199.72026602288287
Hylomanes momotula,100.25617163645605,198.8989646912063
Hylopezus macularius,99.81136857401523,200.40071604552745
Hylopezus perspicillatus,99.4711209578841,199.75343738678467
Hylophilus brunneiceps,100.55337983435527,200.6741479129115
Hylophilus flavipes,99.70335884834313,199.3837401732858
Hylophilus semicinereus,100.30277061235711,200.55618986006158
Hylophilus thoracicus,100.41878603279251,199.8972130539805
Hylophylax naevioides,99.90339985575604,200.53155630736416
Hylophylax naevius,99.94583665663134,200.00208093189264
Hylophylax punctulatus,100.63481435866086,199.96491079347683
Hypnelus ruficollis,99.31379653962121,200.03174514528402
Hypocnemis flavescens,99.55838424061321,200.0638924995012
Hypocnemis hypoxantha,98.94020435261237,199.67891158190625
Hypocnemis peruviana,100.21931788701129,201.19176398268218
Hypocnemoides melanopogon,100.51973306039918,199.80606970684696
Hypopyrrhus pyrohypogaster,99.35784925871725,200.60076446939397
Ibycter americanus,100.09654894641568,199.23298026603123
Icterus auricapillus,99.56878195446465,199.8772760789586
Icterus cayanensis,99.89826579586928,199.8397655064092
Icterus chrysater,100.8159573260549,200.46145908261167
Icterus croconotus,99.64213408519804,200.30437510640937
Icterus galbula,100.09975471239179,199.27401170378278
Icterus icterus,99.9829789597817,200.84225267553683
Icterus mesomelas,98.99378850045906,200.2857799011927
Icterus nigrogularis,100.7762569140007,199.91097991257683
Icterus spurius,100.0843328852914,199.86397306235008
Ictinia mississippiensis,100.72104454741724,200.3271807081754
Ictinia plumbea,100.35505440477557,200.05599276707858
Inezia caudata,99.23115250761887,199.22292681958575
Inezia subflava,100.20793593292571,200.5124159292034
Inezia tenuirostris,100.48869601880781,199.7701152983658
Iodopleura isabellae,100.35185217363066,199.27496751817768
Iridophanes pulcherrimus,99.71699155892748,200.2036643750547
Iridosornis analis,99.5685336075178,200.24419446630674
Iridosornis porphyrocephalus,99.49197082459342,199.742202300427
Iridosornis rufivertex,99.39115530347404,200.05580576320403
Isleria hauxwelli,100.37680913201989,200.17169051101288
Ixobrychus exilis,99.99329287565293,200.6879768461471
Ixobrychus involucris,99.25397821855542,200.36217867323936
Ixothraupis guttata,99.84439499878978,199.8381635855573
Ixothraupis punctata,100.16898506995642,199.72118740277898
Ixothraupis rufigula,101.44344430440016,200.0296076298328
Ixothraupis xanthogastra,99.01857639735354,200.42843765919963
Jabiru mycteria,100.57751913110474,199.38691713180467
Jacamerops aureus,100.10388615862384,200.35859369545057
Jacana jacana,100.44352445045664,199.83370538398307
Klais guimeti,101.25713411426923,200.41944874945554
Kleinothraupis atropileus,100.90463007544658,199.9922084053571
Knipolegus orenocensis,99.43884027394715,200.2496348179703
Knipolegus poecilocercus,100.39872900531032,199.24331525351093
Knipolegus poecilurus,100.13958342206686,200.5255345158532
Lafresnaya lafresnayi,99.70586839603057,199.1305493319028
Lampropsar tanagrinus,100.19999391094373,199.66467271710536
Lanio fulvus,100.28939270443702,200.22142634582065
Laniocera hypopyrra,99.82301324792843,199.5265647013368
Laniocera rufescens,100.09511587010105,199.14957746834932
Larus argentatus,99.58099869150057,199.84635097346097
Larus marinus,99.71641692587872,199.11227753718651
Laterallus albigularis,100.38413086123275,200.4003357437091
Laterallus exilis,100.82899966761418,200.1133726935603
Laterallus melanophaius,100.0104583081427,200.68449206934613
Lathrotriccus euleri,99.64381859811587,200.39679626499625
Legatus leucophaius,99.2422757931194,199.84436801257576
Leistes militaris,100.1508486692513,200.31397056325426
Lepidocolaptes lacrymiger,99.1497517460579,200.60944092984107
Lepidocolaptes souleyetii,99.43591579331613,200.3704632182974
Lepidothrix coronata,100.38629410709001,200.18057942411951
Lepidothrix isidorei,100.43395101202861,200.00687674511232
Leptasthenura andicola,99.80955928909347,200.80680805617715
Leptodon cayanensis,100.01026000953469,199.8317707993723
Leptopogon amaurocephalus,99.94937502398854,199.80837923340033
Leptopogon rufipectus,99.66078424577734,200.223946543344
Leptopogon superciliaris,99.531992820977507,199.96776390858705
Leptosittaca branickii,100.26606844178106,200.12770114567226
Leptotila cassinii,100.04506752076878,200.45754624685839
Leptotila conoveri,98.94190519595945,200.51693586236286
Leptotila pallida,99.84356585925438,200.1134630385323
Leptotila plumbeiceps,99.68252222643348,200.56091125484647
Leptotila rufaxilla,100.35910931740028,199.2214616122827
Leptotila verreauxi,100.5018760784169,199.16950890529978
Leptotrygon veraguensis,100.19942890335611,199.8896792764133
Lesbia nuna,99.26637079162387,199.99130594445435
Lesbia victoriae,100.71053731416272,200.19725132662188
Leucippus fallax,100.35195128924265,199.88494578872707
Leucophaeus atricilla,100.62345848119438,200.63265993630043
Leucophaeus modestus,98.86311437446291,200.11357999892726
Leucophaeus pipixcan,100.43272584318838,199.6101768502757
Leucopternis melanops,99.52143323405252,199.89106730787992
Leucopternis semiplumbeus,100.67244423475957,200.50398854431458
Limnodromus griseus,99.79392414952129,200.55555815204258
Limosa haemastica,100.26737364539659,200.152723407854
Liosceles thoracicus,100.50928035640085,199.56242127749528
Lipaugus fuscocinereus,98.81740793482507,200.00760495600312
Lipaugus unirufus,99.80831550414476,199.96009894153383
Lipaugus vociferans,101.00077919575575,200.2438564494015
Lipaugus weberi,100.14278722739903,200.9768903786103
Lochmias nematura,99.88163781452927,200.4744996049936
Lophornis delattrei,100.01372213082769,199.17033052299274
Lophornis stictolophus,100.69854318941066,200.1904120875777
Lophostrix cristata,99.96828834741115,199.73046402176018
Lophotriccus galeatus,100.24516049749592,200.1409283231946
Lophotriccus pileatus,101.11016408640509,200.30839783692426
Lophotriccus vitiosus,99.99513823502491,200.45409703780513
Lurocalis rufiventris,100.34053451735498,199.648101847137
Lurocalis semitorquatus,100.22049369852162,199.91923542883396
Machaeropterus deliciosus,99.74331647748221,199.15608430629035
Machaeropterus regulus,100.77537508167724,200.51262120479586
Machetornis rixosa,100.29422181374682,200.0221364713985
Macroagelaius subalaris,100.02867520832046,200.163046760824
Malacoptila fulvogularis,99.26077747340629,199.78735829055813
Malacoptila fusca,99.9785769745767,199.9831366700258
Malacoptila mystacalis,100.21785417933167,200.1169354885084
Malacoptila panamensis,99.28080818050802,199.65432371367623
Manacus manacus,100.79358450326271,199.81100095715925
Mareca americana,100.54753151700078,199.5189237767596
Margarornis squamiger,99.62016128355233,200.22133597695174
Margarornis stellatus,99.62645939155786,199.7673846329065
Masius chrysopterus,100.77829034916343,200.0704472838613
Mazaria propinqua,100.36024923144824,200.1552433663586
Mecocerculus leucophrys,99.58652892417861,199.2023447947465
Mecocerculus minor,100.57767291582195,199.80478521198464
Mecocerculus poecilocercus,101.05586748457853,199.17434558743582
Mecocerculus stictopterus,100.0892911207546,200.32946053841096
Megaceryle alcyon,99.07547720676361,200.22987538387466
Megaceryle torquata,100.02889026348971,200.0378272985232
Megarynchus pitangua,100.05135300136122,200.0005331366173
Megascops albogularis,100.13172773472076,199.1830073426116
Megascops choliba,99.57541360396685,199.44418925527748
Megascops clarkii,99.72740238688426,199.4439332015171
Megascops ingens,100.31095674095593,199.45750646702538
Megascops petersoni,99.14671144239347,201.05734168371595
Megascops watsonii,100.64681600874933,200.50300288915622
Megastictus margaritatus,101.17806489511473,199.70078299142472
Melanerpes cruentatus,99.80248061739157,199.73224565001948
Melanerpes formicivorus,99.70260678256786,200.3574886211091
Melanerpes pucherani,99.65043418822918,199.7704503560861
Melanerpes pulcher,99.39802766229646,200.10312713566248
Melanerpes rubricapillus,99.92514360520138,200.43914038968734
Melanospiza bicolor,100.33426004633864,200.34289893986175
Merganetta armata,100.17174295790305,200.32961938438967
Mesembrinibis cayennensis,99.86888434839723,199.25820212177632
Metallura iracunda,99.71303082696704,200.60505317421232
Metallura tyrianthina,99.82621716456033,199.99844964382302
Metallura williami,99.16477842392038,200.49659604664407
Metopothrix aurantiaca,100.11077036553823,199.50922571050768
Metriopelia melanoptera,99.44674549234075,199.5539638315281
Micrastur buckleyi,100.20199077529222,200.2818489132151
Micrastur gilvicollis,99.73896253089941,200.43638224147463
Micrastur mirandollei,99.66327296153527,199.90721185616638
Micrastur plumbeus,99.60621385860112,199.63645484345523
Micrastur ruficollis,100.16426211606571,200.1454846361444
Micrastur semitorquatus,99.76184618726552,200.09770396979647
Microbates cinereiventris,99.81826209157722,201.0103656428758
Microbates collaris,100.1231956867673,199.4701138973033
Microcerculus marginatus,100.17849221041746,200.26309756209966
Micromonacha lanceolata,100.2061622469053,200.27866479487062
Micropygia schomburgkii,100.3210314698368,200.03177418624983
Microrhopias quixensis,99.92314619152283,199.9285945130176
Microxenops milleri,99.16570952306593,199.11400456516336
Milvago chimachima,100.59017447414007,200.5593154561571
Mimus gilvus,99.70703373785133,199.66802324152354
Mionectes oleagineus,99.93056667273997,199.6891838126734
Mionectes olivaceus,100.64200888258392,199.82009353870427
Mionectes striaticollis,99.6774341486964,200.5669002900912
Mitrephanes phaeocercus,100.7324951994777,199.97018752330098
Mitrospingus cassinii,100.7115069863144,199.49357037881177
Mitu salvini,99.26338386442312,200.49208359857033
Mitu tomentosum,100.05237029129589,199.77355316261938
Mitu tuberosum,99.82282848359888,200.3906638007308
Mniotilta varia,100.49285717749572,199.95282896460972
Molothrus aeneus,99.8274695082054,199.1962193143201
Molothrus bonariensis,100.13699773084366,199.92609315439805
Molothrus oryzivorus,99.73897758156366,200.23456630318077
Momotus aequatorialis,100.17747644284336,200.42180286843603
Momotus momota,100.01207233379685,200.48875704045426
Momotus subrufescens,100.21017394976087,200.15938163276695
Monasa flavirostris,99.80016619624423,199.84150435554784
Monasa morphoeus,99.57450913508049,200.0551643506461
Monasa nigrifrons,99.13722129083229,200.93475467068825
Morphnarchus princeps,100.69882355883067,200.42711743465242
Morphnus guianensis,99.53907324720267,199.54494062829949
Muscisaxicola albilora,99.71632631306652,199.35860082150282
Muscisaxicola alpinus,99.2783948166304,199.66920153647015
Muscisaxicola maculirostris,99.32180894383393,200.15422019500326
Mustelirallus albicollis,100.04570456656069,199.78520566288427
Mustelirallus colombianus,100.34518238304523,200.9833446966338
Mustelirallus erythrops,99.67975975597517,200.69843360207503
Myadestes coloratus,100.04343958625475,200.33215029354
Myadestes ralloides,100.48332524189316,200.5012513764896
Mycteria americana,99.83992182468472,199.91427013667655
Myiarchus apicalis,100.04343382452451,200.10908377921535
Myiarchus cephalotes,99.3729482406622,199.31879063695573
Myiarchus crinitus,101.21264254373813,200.3439920367246
Myiarchus ferox,99.68454447852024,199.84634028643075
Myiarchus panamensis,99.171951857753,200.3069345012139
Myiarchus swainsoni,99.67972766387838,200.64871675184366
Myiarchus tuberculifer,100.24217849939457,200.20266110504247
Myiarchus tyrannulus,100.12797862279166,200.34291953328457
Myiarchus venezuelensis,99.78598202215586,199.98249701899528
Myiobius atricaudus,99.87599543239132,200.11313339344443
Myiobius barbatus,100.07247039948507,200.3741712333276
Myiobius villosus,98.44918519821131,200.5919326605484
Myioborus flavivertex,99.57418279527037,199.67422161594595
Myioborus melanocephalus,100.52838888797687,200.57865798278672
Myioborus miniatus,100.45122827153897,200.4831939074004
Myioborus ornatus,99.83790920227516,199.07476465493326
Myiodynastes chrysocephalus,99.91078884516173,199.92966909523466
Myiodynastes luteiventris,100.4909183969395,199.71811939326577
Myiodynastes maculatus,99.95579201136542,200.84759416077554
Myiopagis caniceps,99.88891769148447,200.4453010645171
Myiopagis flavivertex,100.18055540583902,199.5803387801692
Myiopagis gaimardii,100.46170104032674,199.98804677750206
Myiopagis viridicata,99.5697802617938,199.20021837529407
Myiophobus fasciatus,99.74298799267528,199.9539484946443
Myiophobus flavicans,99.54330301065717,199.13019895786712
Myiophobus phoenicomitra,100.06700388265511,198.819931956419
Myiornis atricapillus,100.82690611317267,199.17584277954109
Myiornis ecaudatus,99.59926142628646,200.20318943857532
Myiotheretes fumigatus,100.22906124966418,199.79149153040603
Myiotheretes pernix,99.07253982102236,200.43970233590684
Myiotheretes striaticollis,100.48273237800275,198.79472313237466
Myiothlypis basilica,100.5328792995274,199.79863399780282
Myiothlypis chrysogaster,100.38030501603447,199.90047217842394
Myiothlypis cinereicollis,100.20274375934537,199.77460739268645
Myiothlypis conspicillata,101.0556173491545,199.75881056377406
Myiothlypis coronata,100.36731270873115,200.21930270463372
Myiothlypis flaveola,99.89225875993858,200.27654878899585
Myiothlypis fulvicauda,99.69818019710243,200.5091258584013
Myiothlypis luteoviridis,99.69035353500662,199.7209330344636
Myiothlypis nigrocristata,100.72974951215997,200.77523856786067
Myiotriccus ornatus,99.82164836475022,199.61979923342173
Myiozetetes cayanensis,99.68946737168714,200.1138222553968
Myiozetetes granadensis,100.5519465154895,200.92321950636273
Myiozetetes luteiventris,100.33746041136631,200.43064316214736
Myiozetetes similis,99.64201908933516,200.5998853540621
Myornis senilis,100.1347683520774,199.98456276138006
Myrmeciza longipes,100.50509055054873,200.6786923919767
Myrmelastes hyperythrus,98.99105166793993,199.92458894757434
Myrmelastes leucostigma,101.39058863091806,200.34535864013645
Myrmelastes schistaceus,99.56998761915848,200.80631703925386
Myrmoborus leucophrys,98.865138700211,200.036774579968
Myrmoborus lugubris,100.046884134997,200.59406835294703
Myrmoborus myotherinus,99.90339230446946,199.81870527169826
Myrmochanes hemileucus,100.82657868518234,199.46492987496185
Myrmophylax atrothorax,99.70888976207198,200.01003114769546
Myrmornis torquata,100.20342662220496,200.4943232723897
Myrmothera campanisona,99.88864023877287,199.9464258941254
Myrmothera dives,100.90425176778639,199.3171764535655
Myrmothera fulviventris,99.52022824731287,199.88720099176564
Myrmotherula ambigua,99.08384730320572,199.68153824807493
Myrmotherula assimilis,100.24643673952683,200.06591552518012
Myrmotherula axillaris,99.41256363468395,200.12869260033153
Myrmotherula brachyura,99.62502112699005,199.79035715175308
Myrmotherula cherriei,99.60231670447249,199.53476453802892
Myrmotherula ignota,99.45179829145846,199.66636798322804
Myrmotherula longicauda,99.49286780998116,200.43186864142936
Myrmotherula longipennis,100.5035287824161,199.62422520421597
Myrmotherula menetriesii,100.53777934442638,200.03401085337399
Myrmotherula multostriata,99.93217560235118,199.3633400137913
Myrmotherula pacifica,99.3950016618652,199.63395631125564
Myrmotherula schisticolor,99.7302469260845,200.00185367877148
Myrmotherula sunensis,100.54630830626918,200.10362993062517
Myrmotherula surinamensis,99.70694167283563,200.22815923585514
Nasica longirostris,99.64394774855721,199.34986882273935
Nemosia pileata,100.422339776903,199.30127614168518
Neoctantes niger,100.06272859773304,200.22007269227078
Neomorphus geoffroyi,100.31326643256277,199.8649974263766
Neomorphus pucheranii,99.41447073515238,200.4696086569129
Neomorphus radiolosus,100.88976236629122,199.65468790262807
Neomorphus rufipennis,99.85624553203952,200.8247124930044
Neopelma chrysocephalum,100.88908882592884,200.07478954760765
Neopipo cinnamomea,100.26964961722545,199.60407112280444
Nephelomyias pulcher,100.30455640921119,200.6784071271126
Netta erythrophthalma,100.83050122352951,199.88005295315833
Nomonyx dominicus,99.97729045810469,199.71876756696267
Nonnula brunnea,100.08427985423715,200.30530069067106
Nonnula frontalis,100.282397929917,199.9981833296289
Nonnula rubecula,100.52502747836876,198.6476381170249
Notharchus hyperrhynchus,99.59678102751447,199.70520507210625
Notharchus ordii,100.01725745218846,199.87916533047627
Notharchus pectoralis,100.16681678192758,200.36180394476315
Notharchus tectus,99.89472957638752,199.84054049137413
Nothocercus bonapartei,99.4323125945395,199.64065400526908
Nothocercus julius,99.63656162312316,199.76264651782873
Nothocrax urumutum,100.17694845078015,199.96819685539944
Numenius phaeopus,99.81279506550008,199.95406818507044
Nyctanassa violacea,99.91935071106779,200.2496723472845
Nyctibius aethereus,100.09873639228519,200.3944186376182
Nyctibius bracteatus,99.81840891259434,200.7986436965311
Nyctibius grandis,100.62054306429383,200.11424088817205
Nyctibius griseus,100.20344645867942,200.23442449510054
Nyctibius maculosus,100.16695887575484,200.7105530950831
Nycticorax nycticorax,100.21094154701794,199.7557497805852
Nyctidromus albicollis,100.48732063256156,199.62057364315748
Nyctiphrynus ocellatus,99.43577588903656,199.30686519753115
Nyctiphrynus rosenbergi,99.65456185728463,199.63245183910732
Nyctipolus nigrescens,99.5814022163017,199.6701227957523
Nyctiprogne leucopyga,99.71565415077868,200.09231382816867
Nystalus radiatus,100.54643967689333,200.33231924976525
Ochthoeca cinnamomeiventris,99.62219745702639,200.51448359018175
Ochthoeca fumicolor,99.89391391069242,200.42618187061942
Ochthoeca rufipectoralis,99.1810242016031,199.32371195252054
Ochthornis littoralis,100.1649134259669,200.95463272615726
Ocreatus underwoodii,100.82098524268477,199.84590362415932
Odontophorus atrifrons,99.70149097133675,200.47406290793225
Odontophorus dialeucos,99.53398795314055,199.9086985935974
Odontophorus erythrops,99.81449088497922,200.6654121515189
Odontophorus gujanensis,99.8047659137648,200.03713222255982
Odontophorus hyperythrus,99.87951365022354,198.90779521054162
Odontophorus melanonotus,100.24219679307176,200.47451767892036
Odontophorus speciosus,100.30134571944573,199.47515537041167
Odontophorus strophium,100.41010462426219,199.6800456394605
Odontorchilus branickii,99.36991927435163,200.31915598813492
Ognorhynchus icterotis,100.43788721830033,199.76263838675342
Oncostoma olivaceum,100.04235563448718,199.9462273874137
Onychoprion anaethetus,101.23357872607248,200.55433429927504
Onychoprion fuscatus,99.77541435344438,200.08581212586756
Onychorhynchus coronatus,99.85654221419668,200.33411758151868
Opisthocomus hoazin,100.10884351521987,199.60800983845846
Opisthoprora euryptera,100.28255202970449,200.03088965798494
Oporornis agilis,99.05278458558261,200.07616894623558
Oreothraupis arremonops,99.40888839979773,199.32769454832354
Oreotrochilus chimborazo,100.98308885860658,199.57296450857464
Oressochen jubatus,99.21742910527315,199.97045998523487
Ornithion brunneicapillus,100.18999791874596,199.860565195549
Ornithion inerme,101.03866171569709,199.50783495997837
Ortalis cinereiceps,100.39098780145561,200.52948424037393
Ortalis columbiana,99.74521436210371,200.23078743763995
Ortalis erythroptera,99.4011930124183,199.23949280676075
Ortalis garrula,99.7479541683699,199.20569655522377
Ortalis guttata,100.71423575933875,199.44930719242703
Ortalis motmot,100.7119136478373,200.6218078556607
Ortalis ruficauda,100.2355521358389,199.83033226822627
Orthopsittaca manilatus,99.71845940764393,200.77392965845237
Oxypogon cyanolaemus,100.18691206535594,199.60030464336052
Oxypogon guerinii,100.75394593825811,199.91262452093218
Oxypogon stuebelii,100.18194833272904,199.89965763524722
Oxyruncus cristatus,99.3506353423895,199.29933112354956
Oxyura jamaicensis,100.22728238855093,200.07386330780744
Pachyramphus albogriseus,99.3473209816555,200.21588894316602
Pachyramphus castaneus,99.94579810725597,200.09150984495693
Pachyramphus cinnamomeus,100.5268989690039,200.25843804147624
Pachyramphus homochrous,99.63023025107667,199.54874807158924
Pachyramphus marginatus,99.99610400556979,200.17847224917452
Pachyramphus minor,100.5056923874296,199.43504271324827
Pachyramphus polychopterus,99.3666076769594,200.81621122870368
Pachyramphus rufus,99.73927730779027,199.9695238044522
Pachyramphus versicolor,100.26894619638364,199.29795631165658
Pachyramphus viridis,99.59508138521127,199.60378999291243
Pachysylvia aurantiifrons,100.1665390345087,200.2077624132692
Pachysylvia decurtata,100.4821033317949,200.88003235036834
Pachysylvia hypoxantha,100.62827975071903,200.0453074100989
Pachysylvia muscicapina,98.96735649669913,200.41568757023526
Pachysylvia semibrunnea,99.79162030660551,199.53174237500767
Pandion haliaetus,99.58394943273197,200.93700294104076
Panyptila cayennensis,99.41999697076936,200.18779047639586
Parabuteo leucorrhous,99.93262130877582,200.25761828972972
Parabuteo unicinctus,99.76065079039478,200.51646564874275
Pardirallus maculatus,99.72576477431429,199.79010744263587
Pardirallus nigricans,100.56676364717484,199.7525948010053
Parkerthraustes humeralis,100.0115515904742,199.509644834662
Parkesia motacilla,99.71295781393405,199.83774554137779
Parkesia noveboracensis,100.85038689247149,200.22120518167088
Paroaria gularis,100.57361011603136,199.42728384274233
Paroaria nigrogenis,100.23258036324097,200.55085230191867
Passer domesticus,99.86302572420021,199.56020505876762
Passerina caerulea,99.32632396581882,199.9525322701152
Passerina cyanea,99.81876344495731,200.16564403968067
Patagioenas cayennensis,99.82970593266236,199.5743539054757
Patagioenas corensis,99.06014915552446,200.13750925139865
Patagioenas fasciata,100.0871001262937,199.442327527757
Patagioenas goodsoni,99.34277630035442,200.2367345279955
Patagioenas leucocephala,100.15201410425215,200.19880948679645
Patagioenas nigrirostris,99.90530782076394,200.22329804334456
Patagioenas plumbea,100.80030162087353,199.46277866099254
Patagioenas speciosa,100.06605800181451,201.2290667222949
Patagioenas subvinacea,100.44478797275013,200.20960276760755
Patagona gigas,99.58406779551717,200.65960162875885
Pauxi pauxi,99.90911497606027,199.90119722897546
Pelecanus occidentalis,100.33384137936709,200.0296028103284
Penelope argyrotis,100.18800595072526,200.08390762963253
Penelope jacquacu,100.15837914575091,199.0747052602004
Penelope montagnii,99.26770879591169,199.785747352009
Penelope ortoni,100.16324879364484,199.68174994302228
Penelope perspicax,99.42492834782165,200.01290288148863
Penelope purpurascens,99.41266380948917,200.3640565143244
Percnostola rufifrons,99.93576149752427,200.2604924521723
Perissocephalus tricolor,100.1925089877893,199.62511540312175
Petrochelidon pyrrhonota,100.55045527714775,199.32872139136794
Phacellodomus rufifrons,100.25643425927362,199.82514649605494
Phaenostictus mcleannani,100.43461715310694,199.4402543760859
Phaeochroa cuvierii,99.30775140836772,199.48610542943467
Phaeomyias murina,101.11577947126993,199.2538282723564
Phaethon aethereus,99.229673891741,200.40016324688204
Phaethon lepturus,99.50941643111948,200.2428354062784
Phaethornis anthophilus,99.76226390518836,200.78317278225276
Phaethornis atrimentalis,100.48015373867568,198.61742552621018
Phaethornis augusti,100.16715772073407,200.14502080676354
Phaethornis bourcieri,99.87911211060096,200.1619828518806
Phaethornis griseogularis,100.33504263600963,199.75687043569778
Phaethornis guy,99.46258800102338,200.4600111155298
Phaethornis hispidus,100.99000642899658,200.15108962447405
Phaethornis longirostris,99.90201695380449,199.02780293528198
Phaethornis malaris,101.09501944856284,200.29136663110978
Phaethornis ruber,99.8200719005795,199.81045680205523
Phaethornis rupurumii,100.1651156232504,199.6107470783328
Phaethornis striigularis,98.78307062914126,200.89417052307218
Phaethornis syrmatophorus,99.83930779590081,199.38014207507726
Phaethornis yaruqui,99.66412629720892,199.60470070671244
Phaetusa simplex,99.27606210387367,200.088671010993
Phalaropus fulicarius,99.79591603111125,199.3922634056665
Phalaropus lobatus,99.01679305095792,200.62554921524418
Phalaropus tricolor,99.4610390492008,200.25577461019856
Phalcoboenus carunculatus,99.6776927403219,199.57992202982112
Pharomachrus antisianus,100.72986514065185,200.87905234021264
Pharomachrus auriceps,98.89985151703794,199.38589955909822
Pharomachrus fulgidus,100.6909728533288,199.56576847269594
Pharomachrus pavoninus,99.81645408388094,200.3659625930732
Phelpsia inornata,99.61821789113478,200.28296269791147
Pheucticus aureoventris,99.51767803547095,199.81500866256906
Pheucticus chrysogaster,101.1137435354671,199.58876365039833
Pheucticus ludovicianus,99.80456717189398,200.72820299332423
Pheugopedius coraya,99.688268218853,199.08052126249868
Pheugopedius euophrys,100.68291846037388,200.6355850831908
Pheugopedius fasciatoventris,100.25482008687801,200.2798908061562
Pheugopedius mystacalis,99.31337686324697,199.64212605718305
Pheugopedius rutilus,100.18466930501963,201.12552722110553
Pheugopedius sclateri,99.16332635985705,199.31899523492459
Pheugopedius spadix,100.4125533396856,200.4654134894979
Philodice mitchellii,101.2419811388114,200.48244028657
Philydor erythrocercum,99.96296908843235,199.02993343539066
Philydor fuscipenne,99.7343682703369,199.98785298164296
Philydor pyrrhodes,100.0621715880328,199.82179810828382
Phimosus infuscatus,99.93502712099615,199.12066010589504
Phlegopsis erythroptera,100.38033959059914,199.47903954778045
Phlegopsis nigromaculata,100.41719923720838,199.62939371041364
Phlogophilus hemileucurus,100.34997662646425,199.01344948742738
Phoenicircus nigricollis,99.76797901597878,199.9000019109759
Phoenicopterus ruber,100.27978245738159,199.32488468890384
Phyllomyias burmeisteri,99.91008952898352,199.63301324534274
Phyllomyias cinereiceps,100.63975479238604,200.8365596727275
Phyllomyias griseiceps,99.63239928713294,200.39552046218768
Phyllomyias nigrocapillus,99.92610381161515,199.66585705278175
Phyllomyias plumbeiceps,99.59218332779851,200.23368812500183
Phyllomyias uropygialis,100.83754652947374,200.53416162687398
Phylloscartes superciliaris,100.50307386419675,199.6239388466497
Piaya cayana,100.31033752212616,200.35952402111914
Piaya melanogaster,100.10676128525625,199.8511530729021
Piculus chrysochloros,100.34326157365058,200.01440208172698
Piculus flavigula,99.73485164814302,200.03168332361585
Piculus leucolaemus,100.25041931814401,199.60327132817483
Piculus litae,99.98359884476409,199.80373840304355
Picumnus castelnau,100.56472747070018,200.01894426353098
Picumnus cinnamomeus,99.91536654917306,200.5153071481187
Picumnus exilis,100.3701141696726,199.7226190021276
Picumnus granadensis,99.58270731412931,200.2058514983715
Picumnus lafresnayi,99.73796016267886,200.26192705256076
Picumnus olivaceus,99.30332900743157,200.70846764253125
Picumnus pumilus,100.16407080593532,200.02470995331421
Picumnus rufiventris,99.83980816169024,200.36051031224224
Picumnus squamulatus,100.29850986556413,200.16359429306334
Pilherodius pileatus,100.71594423817147,200.0166539980801
Pionites leucogaster,100.2755110301138,200.15551430327508
Pionites melanocephalus,99.53771146617945,199.7631701179839
Pionus chalcopterus,100.1590307785173,200.8299636926258
Pionus fuscus,100.19214949516294,198.91402707953605
Pionus menstruus,99.85328488051623,199.90876775434558
Pionus sordidus,100.04056225065229,200.82758377639578
Pionus tumultuosus,99.73582951192313,199.92465178992222
Pipile cumanensis,100.00255568715366,199.70156316852686
Pipra filicauda,100.78933331134945,200.09240321984663
Pipraeidea melanonota,100.94931534027062,199.19732913059573
Pipreola arcuata,99.48133568797903,200.07089847338926
Pipreola aureopectus,101.08173060993137,200.10630536660264
Pipreola chlorolepidota,100.66487514221178,198.55950950684823
Pipreola jucunda,99.7413398581602,200.83692737481684
Pipreola lubomirskii,100.40682456831988,199.38798972772037
Pipreola riefferii,99.59314422600147,199.48868239816346
Piprites chloris,100.57633545024231,199.89104819673454
Piranga flava,100.19797465016791,200.4386517527751
Piranga leucoptera,100.06517164332621,199.77004705504837
Piranga olivacea,100.41258694228621,199.90598548579243
Piranga rubra,99.64686582959324,200.21844730555395
Piranga rubriceps,99.50551068487633,200.4232782948305
Pitangus sulphuratus,99.8957608443653,199.79629951238385
Pithys albifrons,99.33304387521304,199.86845056199135
Pittasoma michleri,99.94000828224719,199.89699496147216
Pittasoma rufopileatum,100.4685346636627,200.49816152814708
Platalea ajaja,100.88457357687318,199.970124989202
Platyrinchus coronatus,100.37040867635015,200.58768046776885
Platyrinchus flavigularis,99.94519781793083,200.09490306184628
Platyrinchus mystaceus,99.19226481807449,199.0804022715767
Platyrinchus platyrhynchos,100.49181070681314,199.47687220654518
Platyrinchus saturatus,99.84438467508572,200.05518006294548
Plegadis falcinellus,99.50712479999693,200.50812248897108
Pluvialis dominica,99.81766297444864,200.24748041103834
Pluvialis squatarola,99.91069808996605,200.01018983365324
Podiceps occipitalis,100.25236293650644,200.06414618845443
Podilymbus podiceps,100.52169480166616,200.15893751521628
Poecilostreptus palmeri,100.15239779359659,200.42891103244827
Poecilotriccus calopterus,100.72586810496651,200.47574065696634
Poecilotriccus capitalis,99.09600022250811,200.94614151390465
Poecilotriccus latirostris,99.61090215687766,198.85752397623398
Poecilotriccus ruficeps,99.69184051413103,199.5151927316645
Poecilotriccus sylvia,99.99826865099456,200.33302854431437
Poliocrania exsul,99.6870798964633,199.59407851924203
Polioptila guianensis,99.9197705099774,200.60165262592673
Polioptila plumbea,99.75540423078225,199.68367307303558
Polioptila schistaceigula,99.87099339880683,200.09658972132547
Polyerata amabilis,100.35999442193021,200.30920230008567
Polyerata rosenbergi,100.3959226184867,199.29556543683134
Polystictus pectoralis,100.20627492557023,199.89448544517077
Polytmus guainumbi,100.03511452661672,200.44129297213487
Polytmus theresiae,99.55074618736002,200.52690959787023
Porphyrio flavirostris,100.42063007426161,199.95562942947646
Porphyrio martinica,100.19466533026576,199.74831997499206
Porphyriops melanops,100.34689236253175,199.04388207399865
Porphyrolaema porphyrolaema,100.40351435451676,199.9422614966328
Porzana carolina,99.50972971728433,200.21406547471616
Porzana flaviventer,100.05576838388636,199.792719806826
Premnoplex brunnescens,100.96808945941801,199.4613093041614
Premnornis guttuliger,100.10321644253236,199.40639752509193
Procellaria parkinsoni,99.89792552173562,200.25197536992525
Progne chalybea,100.12829328365886,199.57290225339912
Progne elegans,100.72332277874894,199.34079032078293
Progne subis,100.81044789600266,200.74463474719263
Progne tapera,100.6331336912597,200.98524462874065
Protonotaria citrea,99.8671853345322,198.82801870655834
Psarocolius angustifrons,100.77055332957134,199.85488501435233
Psarocolius bifasciatus,101.00127509002556,199.33121642553957
Psarocolius cassini,98.98501767177225,199.67281044050006
Psarocolius decumanus,99.82363927062242,200.66654383125228
Psarocolius guatimozinus,99.9385240201509,199.834988359083
Psarocolius viridis,100.92986155880409,199.61641448794123
Psarocolius wagleri,101.36423288430811,201.00866915958164
Pseudastur albicollis,99.86029315554765,200.07093384841303
Pseudocolopteryx acutipennis,99.50068609932227,199.36283558640852
Pseudopipra pipra,100.45896070279859,199.81081481256408
Pseudospingus verticalis,100.06512416027677,200.57583220898607
Pseudotriccus pelzelni,99.48261107119916,200.57960276738123
Pseudotriccus ruficeps,100.87778016863747,200.40965666965425
Psittacara leucophthalmus,99.68529096063581,200.48522173220618
Psittacara wagleri,99.98212419661525,199.8673663449279
Psophia crepitans,100.45461685314713,200.436840838959
Pterodroma hasitata,99.67660306880619,200.32279194505196
Pterodroma phaeopygia,99.57503326650337,200.0068278403833
Pteroglossus azara,100.8250935618027,200.11261397439506
Pteroglossus castanotis,100.28471376176208,200.6800989682373
Pteroglossus inscriptus,100.33196021115894,200.6035099575536
Pteroglossus pluricinctus,99.42250272636068,199.88061329797873
Pteroglossus torquatus,99.7054118709537,200.0694926064464
Pterophanes cyanopterus,99.7690526728636,200.21057633974124
Puffinus lherminieri,100.00722358631336,200.27289572003468
Puffinus subalaris,100.38043845009753,199.55852768306272
Pulsatrix melanota,99.9853683142332,199.06729327334304
Pulsatrix perspicillata,99.44255944247978,200.02670052099978
Pygiptila stellaris,99.64588596319146,200.6255116972164
Pygochelidon cyanoleuca,100.50848605547279,200.77412790020156
Pyriglena leuconota,100.6085755639348,200.478950722311
Pyrilia barrabandi,100.7581856490687,200.42276506583048
Pyrilia haematotis,100.6626661920978,200.18859227166516
Pyrilia pulchra,100.44017380118137,199.82750579624783
Pyrilia pyrilia,99.57985643491556,199.98337305664782
Pyrocephalus rubinus,100.38962009118787,199.81590511700884
Pyroderus scutatus,99.50611408874462,200.3857120621181
Pyrrhomyias cinnamomeus,100.19025520380035,199.98967928906143
Pyrrhura calliptera,100.69065810791022,200.81788927747226
Pyrrhura melanura,99.93137862174854,200.58946386061055
Pyrrhura picta,98.8728682967037,200.3196141996879
Pyrrhura viridicata,100.07133770107714,199.58417615454763
Querula purpurata,99.02702965745729,200.44481171551573
Quiscalus lugubris,100.17443535928336,199.03089483579944
Quiscalus mexicanus,100.90885109589037,200.05588058213348
Rallus limicola,100.11570787372078,200.42990810692962
Rallus longirostris,99.680636453537,200.1384103924574
Rallus semiplumbeus,99.70039370435097,200.3000576591943
Ramphastos ambiguus,99.99434376273577,199.9552266695274
Ramphastos brevis,99.96831060170707,199.1284658871861
Ramphastos sulfuratus,99.57844109866444,200.64944081052153
Ramphastos tucanus,100.26814113649272,200.09029557925552
Ramphastos vitellinus,100.5048220433777,201.2024934439063
Ramphocaenus melanurus,99.78295529645243,199.95575578348974
Ramphocelus carbo,100.80496105205589,199.7226463750429
Ramphocelus dimidiatus,101.0088007211537,199.58133454132084
Ramphocelus flammigerus,100.11055096088867,199.72985341745013
Ramphocelus nigrogularis,99.40311321087246,200.60617616580691
Ramphomicron dorsale,98.28168629412681,200.6359585212628
Ramphomicron microrhynchum,100.72750036835183,199.85480431915457
Ramphotrigon fuscicauda,100.4914331282026,200.35748937803808
Ramphotrigon megacephalum,99.92886862198743,200.5154246557007
Ramphotrigon ruficauda,99.61718459847137,199.94737100179566
Rhegmatorhina cristata,100.0755351259495,200.54271196080063
Rhegmatorhina melanosticta,99.08907704733565,199.8532583112468
Rhodinocichla rosea,100.5753527814264,198.89029305899527
Rhynchocyclus brevirostris,100.55052813018042,200.43238534008918
Rhynchocyclus fulvipectus,100.03571675268407,200.06161444128435
Rhynchocyclus olivaceus,100.62391487547791,200.01687022494963
Rhynchocyclus pacificus,99.69791212566771,200.95060127236917
Rhynchortyx cinctus,100.04244735268148,199.56439960357068
Rhytipterna holerythra,100.14972544306421,200.0960087918271
Rhytipterna immunda,100.24041455760366,200.27072441400213
Rhytipterna simplex,99.36096668852899,199.5242400691675
Riparia riparia,100.7381664871447,199.14097477218945
Rostrhamus sociabilis,100.47282963721831,199.11641299588072
Rupicola peruvianus,99.99455377575353,198.89191642983226
Rupicola rupicola,99.84525856098215,200.41746419770058
Rupornis magnirostris,100.70845903643071,200.59132548258214
Rynchops niger,102.10305977871137,200.22363828636037
Sakesphorus canadensis,100.45061456193152,200.66685260534643
Saltator atripennis,100.31752384896993,199.93397498760456
Saltator coerulescens,99.64662581391099,199.57512832455888
Saltator grossus,100.20495117932704,199.98794339189607
Saltator maximus,100.70716207423924,199.92527015792302
Saltator orenocensis,99.66952086015102,199.10978506594083
Saltator striatipectus,98.89923994739874,199.81877284928143
Sapayoa aenigma,99.84735617838238,199.82874641710222
Sarcoramphus papa,100.31325724569724,200.35930259728457
Sarkidiornis sylvicola,99.8097133805272,199.4747522704862
Satrapa icterophrys,100.40153955266096,199.31681441514232
Saucerottia castaneiventris,100.72237704375853,200.45406008707914
Saucerottia cyanifrons,99.88907730564006,199.36535056391702
Saucerottia saucerottei,99.97932355700453,199.56882059825475
Saucerottia viridigaster,99.53495529117174,199.75312972947705
Sayornis nigricans,100.31929310056482,200.37084033945422
Schiffornis major,100.12984928032691,200.0112828636565
Schiffornis turdina,99.71782078943212,199.6318054135184
Schistes albogularis,99.95013870894007,199.82163963484325
Schistes geoffroyi,98.99929868523361,199.69132104507145
Schistochlamys melanopis,100.29888099893951,199.9965417570435
Sclateria naevia,100.16972567563667,200.48594822295073
Sclerurus albigularis,100.71299215344123,199.11640663100354
Sclerurus caudacutus,100.0457852639884,200.3371672632267
Sclerurus guatemalensis,100.38947557038456,199.50476943041176
Sclerurus rufigularis,100.59855346198835,200.78540040411232
Scytalopus atratus,99.67989361911354,200.26597954624447
Scytalopus canus,99.57222551367897,200.03753198147925
Scytalopus chocoensis,99.7043600199562,200.0322736275278
Scytalopus griseicollis,99.88285084183102,200.25373767271796
Scytalopus latebricola,100.16478683973865,199.47717974469964
Scytalopus latrans,99.6806057906458,199.27112966482258
Scytalopus micropterus,99.6278092323506,200.5478184700028
Scytalopus opacus,99.87284230922316,200.49232398156974
Scytalopus panamensis,100.06829307430485,199.79712504853546
Scytalopus rodriguezi,100.43504594731166,200.9544434319644
Scytalopus sanctaemartae,99.7245936210421,200.4524460437964
Scytalopus spillmanni,99.65443107658385,199.8771800097099
Scytalopus stilesi,99.61343157681365,199.37960576065777
Scytalopus vicinior,100.16849842206653,199.5576784488175
Seiurus aurocapilla,100.75636301202962,199.61639287658198
Selenidera nattereri,99.94190908222967,199.56164622876017
Selenidera reinwardtii,99.24725821240602,200.64520989149568
Selenidera spectabilis,98.15296698722368,199.30742184001298
Semnornis ramphastinus,99.39092856379163,200.42807447379312
Sericossypha albocristata,100.80079451570356,199.52504338354606
Serpophaga cinerea,99.79230892061679,198.7674002727427
Serpophaga hypoleuca,101.18542883496572,200.9157633169161
Setopagis heterura,100.50839226053289,199.87993838566982
Setophaga americana,99.85202568369736,199.65681194328195
Setophaga caerulescens,101.01002624577778,200.19488900403118
Setophaga castanea,100.40343258064144,199.76926764472387
Setophaga cerulea,100.22148625368767,199.94292793530573
Setophaga coronata,99.61892989398581,199.28191264840322
Setophaga fusca,100.07670524048419,200.19536948388304
Setophaga magnolia,100.54776469876339,200.17919897388848
Setophaga palmarum,99.1996089349311,199.46373022095207
Setophaga pensylvanica,100.05555816652347,199.98151989444955
Setophaga petechia,99.74328786426366,200.1226770032197
Setophaga pitiayumi,100.40559747739758,199.68043655288724
Setophaga ruticilla,99.61608251726292,200.563093255548
Setophaga striata,99.9263439080456,200.49730632406448
Setophaga tigrina,100.4433739014066,199.3263999521435
Setophaga virens,100.07656022578333,199.80822382829132
Sicalis citrina,100.06231663626306,199.62804712163216
Sicalis columbiana,99.33194706236524,200.74251587189084
Sicalis flaveola,99.86835387514728,200.03320835799846
Sicalis luteola,99.9783495349038,200.1898594748155
Sipia berlepschi,99.71606239461005,199.87896514167716
Sipia nigricauda,100.04307922530352,198.97989516855452
Sipia palliata,99.58956838494625,199.61611345618343
Siptornis striaticollis,99.80648694293362,199.24140055275865
Sittasomus griseicapillus,99.54673676582325,199.36657003604924
Snowornis cryptolophus,99.88068971423326,200.3294909802715
Snowornis subalaris,99.46235886251105,199.8566437985064
Spatula clypeata,99.26541912725368,199.4417555748404
Spatula cyanoptera,100.83732286792636,200.50301847790334
Spatula discors,101.60539615590397,199.93601184964987
Sphenopsis frontalis,100.06970532802099,200.31673018274623
Sphenopsis melanotis,99.83441986843768,199.2528030956506
Sphyrapicus varius,100.26345359683033,199.13811143875984
Spinus cucullatus,99.86894664981908,199.12362756248825
Spinus magellanicus,100.94192316897005,199.35898699270538
Spinus psaltria,100.4933481522843,200.38338578628841
Spinus spinescens,100.05516149731801,200.25522411522962
Spinus xanthogastrus,99.68563332265317,199.63108094518668
Spiza americana,100.19877697375273,200.38270943563148
Spizaetus isidori,99.90146486521009,199.67867346135347
Spizaetus melanoleucus,98.80113771181871,201.18113263695176
Spizaetus ornatus,99.45556100844837,199.64317793225223
Spizaetus tyrannus,99.7720149994981,199.3409358156551
Sporathraupis cyanocephala,100.37204082725472,201.03385209291386
Sporophila angolensis,99.32672336976987,199.82422712981764
Sporophila bouvronides,99.23539130815287,200.20491702444744
Sporophila caerulescens,100.64859545210017,198.92290059091025
Sporophila castaneiventris,101.32230613587942,199.7197473067441
Sporophila corvina,100.47506801117602,200.24923952645034
Sporophila crassirostris,99.6563684512774,200.23666218279476
Sporophila fringilloides,99.73016681781922,200.5524780102145
Sporophila funerea,100.11007903795088,200.12003741482337
Sporophila intermedia,99.03984877909855,200.75054578468695
Sporophila lineola,100.16455087162004,199.95496837546617
Sporophila luctuosa,101.10232740498725,199.46926184379595
Sporophila minuta,99.90854697597261,200.39308335146194
Sporophila murallae,99.76705205359015,200.17890272350718
Sporophila nigricollis,99.62519094480183,200.24351123400936
Sporophila plumbea,99.97325202361723,201.01851418790784
Sporophila schistacea,99.39992955683266,200.3510130928033
Sporophila telasco,100.45657977080387,199.60753760898507
Steatornis caripensis,99.1149327520664,199.68902913132288
Stelgidopteryx ruficollis,99.91812085820987,199.1464851598173
Stercorarius longicaudus,99.38964833126903,199.48468874068797
Stercorarius pomarinus,100.15187095103168,200.22712561771323
Sterna dougallii,100.09802075966661,200.75845435918563
Sterna forsteri,99.22099786677404,198.9261296979158
Sterna hirundo,100.03547206166671,200.99530233588283
Sternoclyta cyanopectus,100.11107165863756,199.5219775299719
Sternula antillarum,99.4989010998685,199.95503187935591
Sternula superciliaris,99.87794687392291,199.70307586188753
Stigmatura napensis,99.53631233363414,200.61469757902987
Stilpnia cayana,100.3463395931532,199.17269564099968
Stilpnia cyanicollis,99.90433393213793,199.28257956423502
Stilpnia cyanoptera,100.66570580402752,199.78322475654838
Stilpnia heinei,101.00934068034596,200.08807286419108
Stilpnia larvata,98.78143293360304,200.0348554120271
Stilpnia nigrocincta,99.35669907654346,200.0247902590849
Stilpnia vitriolina,101.18188196056171,200.84805610855358
Streptoprocne rutila,99.91837408509176,200.43616719234828
Streptoprocne zonaris,100.13763890038257,199.12188125075994
Sturnella magna,100.47145813328054,199.28477012811837
Sublegatus arenarum,99.942155650843,199.9367304317362
Sublegatus obscurior,100.37419285664406,200.60962522080686
Sula dactylatra,100.49344231277351,199.97692852742946
Sula granti,100.13892803319135,199.8350002195496
Sula leucogaster,99.91639010587002,199.54863253508088
Sula nebouxii,100.84744497261342,200.15907289428435
Sula sula,98.84553645898373,200.49585054779868
Sula variegata,100.21349478427467,200.52218341277748
Synallaxis albescens,100.00796439914075,199.84351471613604
Synallaxis albigularis,99.42096446255441,200.27545015375836
Synallaxis azarae,100.07650978645135,199.68866928964576
Synallaxis beverlyae,99.63385487300314,198.951582126968
Synallaxis brachyura,99.54148112573624,200.44102225145775
Synallaxis candei,100.51153068098323,200.69092186630442
Synallaxis cinnamomea,99.77311485813021,199.6345355876931
Synallaxis fuscorufa,99.82152754640856,199.53377609716333
Synallaxis gujanensis,99.53144274502036,200.39096536780656
Synallaxis moesta,99.47135300787448,199.3858718157496
Synallaxis rutilans,100.90301879703763,200.6234739493224
Synallaxis subpudica,99.83031065500896,200.55161869042354
Synallaxis unirufa,99.37729927159963,200.09532397867542
Syndactyla subalaris,100.2475673151657,200.0412602155534
Syrigma sibilatrix,99.94423724882176,199.83275225900303
Systellura longirostris,100.833458221694,200.02017058139944
Tachornis furcata,100.54522421589947,200.23844344577705
Tachornis squamata,100.39101365141175,200.3399618818905
Tachybaptus dominicus,99.7568150354088,200.05130618038166
Tachycineta albiventer,99.39435451753637,199.7811334067337
Tachycineta bicolor,99.72860136360025,200.51238536994222
Tachyphonus phoenicius,100.77462080543359,199.89957184879987
Tachyphonus rufus,100.07781805457942,199.6449370848336
Talaphorus,99.31368993188141,199.6013392494428
Tangara arthus,99.91939492342719,199.5594320977965
Tangara callophrys,99.65026746182428,200.1436935248604
Tangara chilensis,99.30179126853746,199.52007618262053
Tangara chrysotis,100.33733520828622,199.93081094937284
Tangara cyanotis,99.9070203841747,199.86042708660446
Tangara florida,100.69764990914724,200.09589783503813
Tangara gyrola,99.33895117958637,200.02087783391042
Tangara icterocephala,99.02993828840941,199.77145349401624
Tangara inornata,99.03157916203871,199.57196629123817
Tangara johannae,100.23318274159125,200.38546404193207
Tangara labradorides,99.28487646333417,199.61434707002604
Tangara lavinia,100.05461394699508,200.09954115229095
Tangara mexicana,100.28718961133146,199.2737756256694
Tangara nigroviridis,98.87298249663482,199.88942631919926
Tangara parzudakii,99.80462543341075,200.05966281108738
Tangara schrankii,99.34297681757113,199.63883930044065
Tangara vassorii,100.28293587369322,199.6638579207027
Tangara velia,100.18356895989501,199.6823891102065
Tangara xanthocephala,100.14630623317484,199.76639706804252
Tapera naevia,99.44910396278361,199.76338783262207
Taphrospilus hypostictus,100.25411509301074,199.11219572074472
Taraba major,99.11425027258908,199.76651141616261
Tephrophilus wetmorei,100.54568866359014,200.60213351543987
Terenotriccus erythrurus,100.85123706563604,200.30511500180705
Tersina viridis,99.582338899349,200.9194522132519
Thalasseus elegans,99.71038754467693,200.11268929926837
Thalasseus maximus,100.85341732949333,199.24745370578347
Thalasseus sandvicensis,100.65149931918606,200.25552660110432
Thalurania colombica,99.88654699327942,199.78574698659577
Thalurania furcata,100.1305884500184,200.02397344896187
Thamnistes anabatinus,98.84630975968292,200.8288963652414
Thamnomanes ardesiacus,100.010307644452,199.92145060108612
Thamnomanes caesius,100.44719912422218,200.36933371024858
Thamnophilus aethiops,99.74403524949537,199.94941334311932
Thamnophilus amazonicus,100.47007506163344,200.1694000113623
Thamnophilus atrinucha,99.8896057408368,199.72680197462708
Thamnophilus cryptoleucus,100.50768311309623,200.14483935179962
Thamnophilus doliatus,99.41182957129729,199.69135167028094
Thamnophilus melanonotus,99.50072493782811,200.72017147020614
Thamnophilus multistriatus,100.60222134529145,200.3336902212555
Thamnophilus murinus,99.13645403216013,199.9500471221038
Thamnophilus nigriceps,99.93813638425821,200.10708253701753
Thamnophilus nigrocinereus,100.08157191665249,199.7954539312433
Thamnophilus punctatus,100.04065870420231,200.7144937137075
Thamnophilus schistaceus,100.59255508201893,199.530994327367
Thamnophilus tenuepunctatus,99.7755786006705,200.08411012259614
Thamnophilus unicolor,99.39151621070728,200.4992300951352
Thectocercus acuticaudatus,99.54249002972665,200.05409619745024
Theristicus caudatus,99.1271631673634,199.81430367016998
Thlypopsis fulviceps,99.60878914829593,200.20844516262238
Thlypopsis ornata,100.28401872874406,200.2605920353446
Thlypopsis sordida,99.191739884699075,200.14742425547772
Thlypopsis superciliaris,99.8438622444835,198.70191890528866
Threnetes leucurus,100.20914152267657,199.48037172478206
Threnetes ruckeri,99.25504909362417,200.22497669538112
Thripadectes flammulatus,100.34655258284234,200.24696515723863
Thripadectes holostictus,100.82800284570101,200.66435745056356
Thripadectes ignobilis,100.53990518006613,200.62528311762054
Thripadectes melanorhynchus,99.91415844523529,200.0693392433351
Thripadectes virgaticeps,99.31310432531738,199.61296563120376
Thripophaga cherriei,100.05133343805365,200.62799261912318
Thryophilus nicefori,99.36067084768241,199.13945736830888
Thryophilus rufalbus,100.78244073595135,200.93770844831718
Tiaris olivaceus,99.55029588803053,199.38019520180708
Tigrisoma fasciatum,100.33013941027825,199.9034216401503
Tigrisoma lineatum,100.24232064129232,199.5456500659519
Tigrisoma mexicanum,99.63849691152359,199.6972276137255
Tinamus guttatus,99.50708046223166,199.6333340461008
Tinamus major,100.50028421941234,200.02431268028445
Tinamus osgoodi,100.15445236467158,199.99746223524753
Tinamus tao,99.96664351646501,199.16963077365455
Tityra cayana,99.60806907364842,199.08595235225908
Tityra inquisitor,99.60031552205018,200.86747385219024
Tityra semifasciata,100.74592693082907,199.62622550061855
Todirostrum chrysocrotaphum,99.33201357523477,199.35443363200883
Todirostrum cinereum,100.77750376415506,199.88036978140522
Todirostrum maculatum,99.77735005266447,199.16382780428674
Todirostrum nigriceps,100.0488032531106,200.10852276324619
Tolmomyias assimilis,100.51853944415294,200.4899599216748
Tolmomyias flaviventris,99.91411302028696,199.87074800347
Tolmomyias poliocephalus,99.94031971490294,200.4144275694613
Tolmomyias sulphurescens,100.15154025972542,199.31445138417965
Tolmomyias traylori,99.51484942936123,200.26795308457375
Topaza pyra,99.34279396139452,199.37202785513313
Touit batavicus,99.99622565489487,199.42127104649867
Touit dilectissimus,99.19844431954517,199.79503988641747
Touit huetii,100.00024424593465,199.9663384974067
Touit purpuratus,99.3884466388354,200.60140717933038
Touit stictopterus,100.5897578703095,200.51257500286437
Tringa flavipes,99.46824675212632,199.27321121497062
Tringa incana,99.29343963543711,200.3738556659737
Tringa melanoleuca,99.73891598774766,199.88720250685395
Tringa semipalmata,100.10433345776018,199.06006068320946
Tringa solitaria,100.65836198646616,199.38038132921756
Troglodytes aedon,99.93985629973267,200.030586495555
Troglodytes monticola,100.08731804131885,200.47326954382146
Troglodytes ochraceus,100.11011744578808,199.80376236262458
Troglodytes solstitialis,99.76342470586911,200.17077629785626
Trogon chionurus,100.60661166080774,200.77722641207504
Trogon collaris,100.21908681200648,199.56691821152413
Trogon comptus,99.90899535351903,200.67444521265674
Trogon curucui,100.4112802112455,200.0919340777048
Trogon massena,99.93671006438124,200.61649286225457
Trogon melanurus,99.92026292487492,198.91127471708396
Trogon personatus,99.7449654324942,199.96428159162213
Trogon rufus,99.94656793626832,200.27971347744818
Trogon viridis,100.34780823012547,199.8355023207409
Tunchiornis ochraceiceps,99.54000157562952,199.61805553633957
Turdus albicollis,99.59578054864835,200.00605572433884
Turdus assimilis,99.8176720040226,200.46175634891358
Turdus flavipes,99.48104334346978,200.3902801083405
Turdus fulviventris,99.40968724576332,199.50581361900353
Turdus fumigatus,100.54825673372234,199.52380170850114
Turdus fuscater,99.06495985642381,200.192425894354
Turdus grayi,100.3787879332057,199.44095788703126
Turdus hauxwelli,100.18480092769497,199.4725009207139
Turdus ignobilis,100.73975939492779,200.95474904272368
Turdus lawrencii,100.38830284724415,199.43531781754282
Turdus leucomelas,100.06493694268194,200.0395213288195
Turdus leucops,99.3556594460509,200.327670835828
Turdus nudigenis,100.10767509132653,200.31938820984547
Turdus obsoletus,99.61826457387849,200.554821498519
Turdus olivater,100.33362106438587,200.54362536629768
Turdus serranus,99.10332212965616,199.15572587858574
Tyranneutes stolzmanni,98.81845283856805,200.78121915685838
Tyrannopsis sulphurea,100.28817672610624,199.839062510535
Tyrannulus elatus,100.43561450072318,200.11413715542383
Tyrannus albogularis,100.3823386837209,200.49229378809673
Tyrannus dominicensis,100.84371477431537,199.84996579252856
Tyrannus melancholicus,99.98558753528116,200.27641103746433
Tyrannus niveigularis,100.3508691243861,199.72282583645068
Tyrannus savana,99.08295168716383,200.45758006004777
Tyrannus tyrannus,99.72110839429132,200.43867538673214
Tyto alba,99.96405537246551,200.10312643220178
Uranomitra franciae,99.41277510525927,200.54408991486218
Urochroa bougueri,99.87850684908051,200.50985930095644
Uromyias agilis,100.95789316744415,199.95903080399455
Uropsalis lyra,100.1328810053403,200.62051253510867
Uropsalis segmentata,99.76862047405703,199.31003956241977
Urosticte benjamini,99.86473644268268,199.67595677400544
Urosticte ruficrissa,99.82884065727033,200.48782035557343
Urothraupis stolzmanni,100.01462031270633,199.76713703065138
Vanellus cayanus,100.14847318672152,200.1391392631431
Vanellus chilensis,100.89526086076768,200.09845785288312
Vanellus resplendens,98.93639581039533,199.91466123806632
Vermivora chrysoptera,100.14665273817617,199.9295067337934
Vireo altiloquus,100.04769546731382,200.31562230311658
Vireo caribaeus,99.95217185795656,200.18358116309014
Vireo flavifrons,99.80904546482506,200.11418276122046
Vireo flavoviridis,99.81407694966133,200.84714699168188
Vireo leucophrys,99.52439981814129,200.4096666782277
Vireolanius eximius,100.28612034294093,200.33055387661315
Vireolanius leucotis,100.21245681315666,199.64663677877977
Volatinia jacarina,99.73999691587701,200.79153063255814
Vultur gryphus,99.68319463625318,199.77774596721213
Willisornis poecilinotus,100.13181611165842,199.57463235317186
Xema sabini,100.21989797098168,199.18794051060516
Xenerpestes minlosi,100.07224800071793,199.9068263280409
Xenopipo atronitens,100.0616305743478,200.7889272097649
Xenops minutus,99.91652301771724,200.09187007760355
Xenops tenuirostris,98.9743674329738,199.1611285626224
Xenornis setifrons,98.9416708641051,199.62304592486316
Xiphocolaptes promeropirhynchus,100.00643122999504,200.21149530353088
Xipholena punicea,100.63219792202084,200.339627317805
Xiphorhynchus elegans,100.79227498961785,200.45085504969526
Xiphorhynchus erythropygius,99.97225175661879,199.5280973280752
Xiphorhynchus guttatus,99.94738705795753,200.45327651615128
Xiphorhynchus lachrymosus,99.4123964858144,199.63411787658475
Xiphorhynchus obsoletus,101.14951768601138,199.73096374307903
Xiphorhynchus ocellatus,99.58604435367883,200.36809641806474
Xiphorhynchus susurrans,101.11710900339487,199.94099844754112
Xiphorhynchus triangularis,100.85822448164863,200.8409684813218
Zebrilus undulatus,100.21457862661735,200.00399881800277
Zenaida asiatica,99.59938817276712,199.9984358821803
Zenaida auriculata,100.62694697248054,199.89296778257872
Zentrygon frenata,100.22413215246063,200.10033970329494
Zentrygon goldmani,100.47082177207167,200.44061958355303
Zentrygon linearis,99.70702481496406,199.2632068901948
Zimmerius albigularis,100.1408765294391,199.3471260336034
Zimmerius chrysops,100.49760241176942,200.30234032590013
Zimmerius gracilipes,99.95586638774073,199.79756741524218
Zimmerius vilissimus,100.42445648498783,199.70436471659758
Zonotrichia capensis,99.9363140926906,200.0311829653808
